2026-08-11  8:15:12 0 [Note] Using unique option prefix 'key_buffer' is error-prone and can break in the future. Please use the full name 'key_buffer_size' instead.
2026-08-11  8:15:12 0 [Note] Starting MariaDB 10.4.32-MariaDB source revision c4143f909528e3fab0677a28631d10389354c491 as process 9040
2026-08-11  8:15:12 0 [Note] InnoDB: !!! innodb_force_recovery is set to 5 !!!
2026-08-11  8:15:12 0 [Note] InnoDB: Mutexes and rw_locks use Windows interlocked functions
2026-08-11  8:15:12 0 [Note] InnoDB: Uses event mutexes
2026-08-11  8:15:12 0 [Note] InnoDB: Compressed tables use zlib 1.3
2026-08-11  8:15:12 0 [Note] InnoDB: Number of pools: 1
2026-08-11  8:15:12 0 [Note] InnoDB: Using SSE2 crc32 instructions
2026-08-11  8:15:12 0 [Note] InnoDB: Initializing buffer pool, total size = 16M, instances = 1, chunk size = 16M
2026-08-11  8:15:12 0 [Note] InnoDB: Completed initialization of buffer pool
2026-08-11  8:15:12 0 [Note] InnoDB: Starting crash recovery from checkpoint LSN=868971681
2026-08-11  8:15:12 0 [Note] InnoDB: At LSN: 868972175: unable to open file .\lcd_records\#sql-2a4c_9.ibd for tablespace 7332
2026-08-11  8:15:12 0 [Note] InnoDB: At LSN: 869002499: unable to open file .\lcd_records\#sql2-2a4c-9.ibd for tablespace 7331
2026-08-11  8:15:12 0 [Note] InnoDB: At LSN: 869047478: unable to open file .\lcd_records\#sql-2a4c_9.ibd for tablespace 7333
2026-08-11  8:15:12 0 [Note] InnoDB: At LSN: 869077608: unable to open file .\lcd_records\#sql2-2a4c-9.ibd for tablespace 7332
2026-08-11  8:15:12 0 [Note] InnoDB: At LSN: 869123467: unable to open file .\lcd_records\#sql-2a4c_c.ibd for tablespace 7334
2026-08-11  8:15:12 0 [Note] InnoDB: At LSN: 869153293: unable to open file .\lcd_records\#sql2-2a4c-c.ibd for tablespace 7333
2026-08-11  8:15:12 0 [Note] InnoDB: At LSN: 869198868: unable to open file .\lcd_records\#sql-2a4c_c.ibd for tablespace 7335
2026-08-11  8:15:12 0 [Note] InnoDB: At LSN: 869228982: unable to open file .\lcd_records\#sql2-2a4c-c.ibd for tablespace 7334
2026-08-11  8:15:12 0 [Note] InnoDB: At LSN: 869274157: unable to open file .\lcd_records\#sql-2a4c_d.ibd for tablespace 7336
2026-08-11  8:15:12 0 [Note] InnoDB: At LSN: 869304422: unable to open file .\lcd_records\#sql2-2a4c-d.ibd for tablespace 7335
2026-08-11  8:15:12 0 [Note] InnoDB: At LSN: 869351098: unable to open file .\lcd_records\#sql-2a4c_d.ibd for tablespace 7337
2026-08-11  8:15:12 0 [Note] InnoDB: At LSN: 869381175: unable to open file .\lcd_records\#sql2-2a4c-d.ibd for tablespace 7336
2026-08-11  8:15:12 0 [Note] InnoDB: At LSN: 869426188: unable to open file .\lcd_records\#sql-2a4c_e.ibd for tablespace 7338
2026-08-11  8:15:12 0 [Note] InnoDB: At LSN: 869456454: unable to open file .\lcd_records\#sql2-2a4c-e.ibd for tablespace 7337
2026-08-11  8:15:12 0 [Note] InnoDB: At LSN: 869501460: unable to open file .\lcd_records\#sql-2a4c_e.ibd for tablespace 7339
2026-08-11  8:15:12 0 [Note] InnoDB: At LSN: 869531501: unable to open file .\lcd_records\#sql2-2a4c-e.ibd for tablespace 7338
2026-08-11  8:15:12 0 [Note] InnoDB: At LSN: 869576789: unable to open file .\lcd_records\#sql-2a4c_10.ibd for tablespace 7340
2026-08-11  8:15:12 0 [Note] InnoDB: At LSN: 869606764: unable to open file .\lcd_records\#sql2-2a4c-10.ibd for tablespace 7339
2026-08-11  8:15:12 0 [Note] InnoDB: At LSN: 869652583: unable to open file .\lcd_records\#sql-2a4c_10.ibd for tablespace 7341
2026-08-11  8:15:12 0 [Note] InnoDB: At LSN: 869682923: unable to open file .\lcd_records\#sql2-2a4c-10.ibd for tablespace 7340
2026-08-11  8:15:12 0 [Note] InnoDB: At LSN: 869738669: unable to open file .\lcd_records\#sql-2a4c_14.ibd for tablespace 7342
2026-08-11  8:15:12 0 [Note] InnoDB: At LSN: 869768314: unable to open file .\lcd_records\#sql2-2a4c-14.ibd for tablespace 7341
2026-08-11  8:15:12 0 [Note] InnoDB: At LSN: 869813938: unable to open file .\lcd_records\#sql-2a4c_14.ibd for tablespace 7343
2026-08-11  8:15:12 0 [Note] InnoDB: At LSN: 869843282: unable to open file .\lcd_records\#sql2-2a4c-14.ibd for tablespace 7342
2026-08-11  8:15:12 0 [Note] InnoDB: At LSN: 869897154: unable to open file .\lcd_records\#sql-2a4c_19.ibd for tablespace 7344
2026-08-11  8:15:12 0 [Note] InnoDB: At LSN: 869926590: unable to open file .\lcd_records\#sql2-2a4c-19.ibd for tablespace 7343
2026-08-11  8:15:12 0 [Note] InnoDB: At LSN: 869971502: unable to open file .\lcd_records\#sql-2a4c_19.ibd for tablespace 7345
2026-08-11  8:15:12 0 [Note] InnoDB: At LSN: 870002097: unable to open file .\lcd_records\#sql2-2a4c-19.ibd for tablespace 7344
2026-08-11  8:15:12 0 [Note] InnoDB: At LSN: 870050001: unable to open file .\lcd_records\#sql-2a4c_1a.ibd for tablespace 7346
2026-08-11  8:15:12 0 [Note] InnoDB: At LSN: 870079440: unable to open file .\lcd_records\#sql2-2a4c-1a.ibd for tablespace 7345
2026-08-11  8:15:12 0 [Warning] InnoDB: Tablespace 7346 was not found at .\lcd_records\#sql-2a4c_1a.ibd, and innodb_force_recovery was set. All redo log for this tablespace will be ignored!
2026-08-11  8:15:12 0 [Warning] InnoDB: Ignoring a doublewrite copy of page [page id: space=0, page number=329] with future log sequence number 872372622
2026-08-11  8:15:12 0 [Warning] InnoDB: Ignoring a doublewrite copy of page [page id: space=0, page number=229] with future log sequence number 872372578
2026-08-11  8:15:12 0 [Warning] InnoDB: Ignoring a doublewrite copy of page [page id: space=0, page number=278] with future log sequence number 872372502
2026-08-11  8:15:12 0 [Warning] InnoDB: Ignoring a doublewrite copy of page [page id: space=0, page number=312] with future log sequence number 872372502
2026-08-11  8:15:12 0 [Warning] InnoDB: Ignoring a doublewrite copy of page [page id: space=0, page number=277] with future log sequence number 872372458
2026-08-11  8:15:12 0 [Warning] InnoDB: Ignoring a doublewrite copy of page [page id: space=0, page number=423] with future log sequence number 872372458
2026-08-11  8:15:12 0 [Warning] InnoDB: Ignoring a doublewrite copy of page [page id: space=0, page number=272] with future log sequence number 872372414
2026-08-11  8:15:12 0 [Warning] InnoDB: Ignoring a doublewrite copy of page [page id: space=0, page number=445] with future log sequence number 872372414
2026-08-11  8:15:12 0 [Warning] InnoDB: Ignoring a doublewrite copy of page [page id: space=0, page number=271] with future log sequence number 872372370
2026-08-11  8:15:12 0 [Warning] InnoDB: Ignoring a doublewrite copy of page [page id: space=0, page number=342] with future log sequence number 872372370
2026-08-11  8:15:12 0 [Warning] InnoDB: Ignoring a doublewrite copy of page [page id: space=0, page number=270] with future log sequence number 872372326
2026-08-11  8:15:12 0 [Warning] InnoDB: Ignoring a doublewrite copy of page [page id: space=0, page number=390] with future log sequence number 872372326
2026-08-11  8:15:12 0 [Warning] InnoDB: Ignoring a doublewrite copy of page [page id: space=0, page number=269] with future log sequence number 872372282
2026-08-11  8:15:12 0 [Warning] InnoDB: Ignoring a doublewrite copy of page [page id: space=0, page number=395] with future log sequence number 872372282
2026-08-11  8:15:12 0 [Warning] InnoDB: Ignoring a doublewrite copy of page [page id: space=0, page number=268] with future log sequence number 872372238
2026-08-11  8:15:12 0 [Warning] InnoDB: Ignoring a doublewrite copy of page [page id: space=0, page number=387] with future log sequence number 872372238
2026-08-11  8:15:12 0 [Warning] InnoDB: Ignoring a doublewrite copy of page [page id: space=0, page number=267] with future log sequence number 872372178
2026-08-11  8:15:12 0 [Warning] InnoDB: Ignoring a doublewrite copy of page [page id: space=0, page number=319] with future log sequence number 872372178
2026-08-11  8:15:12 0 [Warning] InnoDB: Ignoring a doublewrite copy of page [page id: space=0, page number=266] with future log sequence number 872372134
2026-08-11  8:15:12 0 [Warning] InnoDB: Ignoring a doublewrite copy of page [page id: space=0, page number=267] with future log sequence number 872679387
2026-08-11  8:15:12 0 [Warning] InnoDB: Ignoring a doublewrite copy of page [page id: space=0, page number=319] with future log sequence number 872679387
2026-08-11  8:15:12 0 [Warning] InnoDB: Ignoring a doublewrite copy of page [page id: space=0, page number=266] with future log sequence number 872679343
2026-08-11  8:15:12 0 [Warning] InnoDB: Ignoring a doublewrite copy of page [page id: space=0, page number=345] with future log sequence number 872679343
2026-08-11  8:15:12 0 [Warning] InnoDB: Ignoring a doublewrite copy of page [page id: space=0, page number=265] with future log sequence number 872679299
2026-08-11  8:15:12 0 [Warning] InnoDB: Ignoring a doublewrite copy of page [page id: space=0, page number=440] with future log sequence number 872679299
2026-08-11  8:15:12 0 [Warning] InnoDB: Ignoring a doublewrite copy of page [page id: space=0, page number=264] with future log sequence number 872679255
2026-08-11  8:15:12 0 [Warning] InnoDB: Ignoring a doublewrite copy of page [page id: space=0, page number=381] with future log sequence number 872679255
2026-08-11  8:15:12 0 [Warning] InnoDB: Ignoring a doublewrite copy of page [page id: space=0, page number=263] with future log sequence number 872679148
2026-08-11  8:15:12 0 [Warning] InnoDB: Ignoring a doublewrite copy of page [page id: space=0, page number=340] with future log sequence number 872679148
2026-08-11  8:15:12 0 [Warning] InnoDB: Ignoring a doublewrite copy of page [page id: space=0, page number=262] with future log sequence number 872679104
2026-08-11  8:15:12 0 [Warning] InnoDB: Ignoring a doublewrite copy of page [page id: space=0, page number=353] with future log sequence number 872679104
2026-08-11  8:15:12 0 [Warning] InnoDB: Ignoring a doublewrite copy of page [page id: space=0, page number=261] with future log sequence number 872679060
2026-08-11  8:15:12 0 [Warning] InnoDB: Ignoring a doublewrite copy of page [page id: space=0, page number=380] with future log sequence number 872679060
2026-08-11  8:15:12 0 [Warning] InnoDB: Ignoring a doublewrite copy of page [page id: space=0, page number=322] with future log sequence number 872680406
2026-08-11  8:15:12 0 [Warning] InnoDB: Ignoring a doublewrite copy of page [page id: space=0, page number=260] with future log sequence number 872678953
2026-08-11  8:15:12 0 [Warning] InnoDB: Ignoring a doublewrite copy of page [page id: space=0, page number=378] with future log sequence number 872678953
2026-08-11  8:15:12 0 [Warning] InnoDB: Ignoring a doublewrite copy of page [page id: space=0, page number=259] with future log sequence number 872678893
2026-08-11  8:15:12 0 [Warning] InnoDB: Ignoring a doublewrite copy of page [page id: space=0, page number=376] with future log sequence number 872678893
2026-08-11  8:15:12 0 [Warning] InnoDB: Ignoring a doublewrite copy of page [page id: space=0, page number=256] with future log sequence number 872678849
2026-08-11  8:15:12 0 [Warning] InnoDB: Ignoring a doublewrite copy of page [page id: space=0, page number=392] with future log sequence number 872678849
2026-08-11  8:15:12 0 [Warning] InnoDB: Ignoring a doublewrite copy of page [page id: space=0, page number=255] with future log sequence number 872678805
2026-08-11  8:15:12 0 [Warning] InnoDB: Ignoring a doublewrite copy of page [page id: space=0, page number=338] with future log sequence number 872678805
2026-08-11  8:15:12 0 [Warning] InnoDB: Ignoring a doublewrite copy of page [page id: space=0, page number=254] with future log sequence number 872678761
2026-08-11  8:15:12 0 [Warning] InnoDB: Ignoring a doublewrite copy of page [page id: space=0, page number=249] with future log sequence number 872678717
2026-08-11  8:15:12 0 [Warning] InnoDB: Ignoring a doublewrite copy of page [page id: space=0, page number=248] with future log sequence number 872678673
2026-08-11  8:15:12 0 [Warning] InnoDB: Ignoring a doublewrite copy of page [page id: space=0, page number=247] with future log sequence number 872678629
2026-08-11  8:15:12 0 [Warning] InnoDB: Ignoring a doublewrite copy of page [page id: space=0, page number=246] with future log sequence number 872678585
2026-08-11  8:15:12 0 [Warning] InnoDB: Ignoring a doublewrite copy of page [page id: space=0, page number=245] with future log sequence number 872678541
2026-08-11  8:15:12 0 [Warning] InnoDB: Ignoring a doublewrite copy of page [page id: space=0, page number=244] with future log sequence number 872678497
2026-08-11  8:15:12 0 [Warning] InnoDB: Ignoring a doublewrite copy of page [page id: space=0, page number=242] with future log sequence number 872678453
2026-08-11  8:15:12 0 [Warning] InnoDB: Ignoring a doublewrite copy of page [page id: space=0, page number=241] with future log sequence number 872678393
2026-08-11  8:15:12 0 [Warning] InnoDB: Ignoring a doublewrite copy of page [page id: space=0, page number=240] with future log sequence number 872678349
2026-08-11  8:15:12 0 [Warning] InnoDB: Ignoring a doublewrite copy of page [page id: space=0, page number=237] with future log sequence number 872678305
2026-08-11  8:15:12 0 [Warning] InnoDB: Ignoring a doublewrite copy of page [page id: space=0, page number=236] with future log sequence number 872678198
2026-08-11  8:15:12 0 [Warning] InnoDB: Ignoring a doublewrite copy of page [page id: space=0, page number=235] with future log sequence number 872678154
2026-08-11  8:15:12 0 [Warning] InnoDB: Ignoring a doublewrite copy of page [page id: space=0, page number=231] with future log sequence number 872678110
2026-08-11  8:15:12 0 [Warning] InnoDB: Ignoring a doublewrite copy of page [page id: space=0, page number=383] with future log sequence number 872678110
2026-08-11  8:15:12 0 [Warning] InnoDB: Ignoring a doublewrite copy of page [page id: space=0, page number=230] with future log sequence number 872678066
2026-08-11  8:15:12 0 [Warning] InnoDB: Ignoring a doublewrite copy of page [page id: space=0, page number=399] with future log sequence number 872678066
2026-08-11  8:15:12 0 [Warning] InnoDB: Ignoring a doublewrite copy of page [page id: space=0, page number=229] with future log sequence number 872678022
2026-08-11  8:15:12 0 [Warning] InnoDB: Ignoring a doublewrite copy of page [page id: space=0, page number=343] with future log sequence number 872678022
2026-08-11  8:15:12 0 [Warning] InnoDB: Ignoring a doublewrite copy of page [page id: space=0, page number=300] with future log sequence number 872680466
2026-08-11  8:15:12 0 [Warning] InnoDB: Ignoring a doublewrite copy of page [page id: space=0, page number=400] with future log sequence number 872680466
2026-08-11  8:15:12 0 [Warning] InnoDB: Ignoring a doublewrite copy of page [page id: space=0, page number=45] with future log sequence number 872677978
2026-08-11  8:15:12 0 [Warning] InnoDB: Ignoring a doublewrite copy of page [page id: space=0, page number=416] with future log sequence number 872677978
2026-08-11  8:15:12 0 [Warning] InnoDB: Ignoring a doublewrite copy of page [page id: space=0, page number=6] with future log sequence number 872677939
2026-08-11  8:15:12 0 [Warning] InnoDB: Ignoring a doublewrite copy of page [page id: space=0, page number=369] with future log sequence number 872677939
2026-08-11  8:15:12 0 [Warning] InnoDB: Ignoring a doublewrite copy of page [page id: space=0, page number=299] with future log sequence number 872680406
2026-08-11  8:15:12 0 [Warning] InnoDB: Ignoring a doublewrite copy of page [page id: space=0, page number=393] with future log sequence number 872680406
2026-08-11  8:15:12 0 [Warning] InnoDB: Ignoring a doublewrite copy of page [page id: space=0, page number=298] with future log sequence number 872680299
2026-08-11  8:15:12 0 [Warning] InnoDB: Ignoring a doublewrite copy of page [page id: space=0, page number=361] with future log sequence number 872680299
2026-08-11  8:15:12 0 [Warning] InnoDB: Ignoring a doublewrite copy of page [page id: space=0, page number=297] with future log sequence number 872680255
2026-08-11  8:15:12 0 [Warning] InnoDB: Ignoring a doublewrite copy of page [page id: space=0, page number=366] with future log sequence number 872680255
2026-08-11  8:15:12 0 [Warning] InnoDB: Ignoring a doublewrite copy of page [page id: space=0, page number=296] with future log sequence number 872680211
2026-08-11  8:15:12 0 [Warning] InnoDB: Ignoring a doublewrite copy of page [page id: space=0, page number=355] with future log sequence number 872680211
2026-08-11  8:15:12 0 [Warning] InnoDB: Ignoring a doublewrite copy of page [page id: space=0, page number=295] with future log sequence number 872680167
2026-08-11  8:15:12 0 [Warning] InnoDB: Ignoring a doublewrite copy of page [page id: space=0, page number=389] with future log sequence number 872680167
2026-08-11  8:15:12 0 [Warning] InnoDB: Ignoring a doublewrite copy of page [page id: space=0, page number=294] with future log sequence number 872680123
2026-08-11  8:15:12 0 [Warning] InnoDB: Ignoring a doublewrite copy of page [page id: space=0, page number=410] with future log sequence number 872680123
2026-08-11  8:15:12 0 [Warning] InnoDB: Ignoring a doublewrite copy of page [page id: space=0, page number=291] with future log sequence number 872680079
2026-08-11  8:15:12 0 [Warning] InnoDB: Ignoring a doublewrite copy of page [page id: space=2, page number=10] with future log sequence number 872677900
2026-08-11  8:15:12 0 [Warning] InnoDB: Ignoring a doublewrite copy of page [page id: space=0, page number=362] with future log sequence number 872680079
2026-08-11  8:15:12 0 [Warning] InnoDB: Ignoring a doublewrite copy of page [page id: space=0, page number=290] with future log sequence number 872680035
2026-08-11  8:15:12 0 [Warning] InnoDB: Ignoring a doublewrite copy of page [page id: space=0, page number=360] with future log sequence number 872680035
2026-08-11  8:15:12 0 [Warning] InnoDB: Ignoring a doublewrite copy of page [page id: space=0, page number=289] with future log sequence number 872679991
2026-08-11  8:15:12 0 [Warning] InnoDB: Ignoring a doublewrite copy of page [page id: space=7379, page number=9] with future log sequence number 872631750
2026-08-11  8:15:12 0 [Warning] InnoDB: Ignoring a doublewrite copy of page [page id: space=7379, page number=8] with future log sequence number 872631706
2026-08-11  8:15:12 0 [Warning] InnoDB: Ignoring a doublewrite copy of page [page id: space=7379, page number=7] with future log sequence number 872631662
2026-08-11  8:15:12 0 [Warning] InnoDB: Ignoring a doublewrite copy of page [page id: space=7379, page number=6] with future log sequence number 872631618
2026-08-11  8:15:12 0 [Warning] InnoDB: Ignoring a doublewrite copy of page [page id: space=7379, page number=5] with future log sequence number 872631574
2026-08-11  8:15:12 0 [Warning] InnoDB: Ignoring a doublewrite copy of page [page id: space=7379, page number=4] with future log sequence number 872631530
2026-08-11  8:15:12 0 [Warning] InnoDB: Ignoring a doublewrite copy of page [page id: space=7379, page number=3] with future log sequence number 872631478
2026-08-11  8:15:12 0 [Warning] InnoDB: Ignoring a doublewrite copy of page [page id: space=7379, page number=2] with future log sequence number 872609062
2026-08-11  8:15:12 0 [Warning] InnoDB: Ignoring a doublewrite copy of page [page id: space=0, page number=333] with future log sequence number 872679991
2026-08-11  8:15:12 0 [Warning] InnoDB: Ignoring a doublewrite copy of page [page id: space=7379, page number=1] with future log sequence number 872608732
2026-08-11  8:15:12 0 [Warning] InnoDB: Ignoring a doublewrite copy of page [page id: space=0, page number=282] with future log sequence number 872679843
2026-08-11  8:15:12 0 [Warning] InnoDB: Ignoring a doublewrite copy of page [page id: space=0, page number=396] with future log sequence number 872679843
2026-08-11  8:15:12 0 [Warning] InnoDB: Ignoring a doublewrite copy of page [page id: space=0, page number=284] with future log sequence number 872679931
2026-08-11  8:15:12 0 [Warning] InnoDB: Ignoring a doublewrite copy of page [page id: space=0, page number=358] with future log sequence number 872679931
2026-08-11  8:15:12 0 [Warning] InnoDB: Ignoring a doublewrite copy of page [page id: space=0, page number=283] with future log sequence number 872679887
2026-08-11  8:15:12 0 [Warning] InnoDB: Ignoring a doublewrite copy of page [page id: space=0, page number=331] with future log sequence number 872679887
2026-08-11  8:15:12 0 [Warning] InnoDB: Ignoring a doublewrite copy of page [page id: space=0, page number=281] with future log sequence number 872679799
2026-08-11  8:15:12 0 [Warning] InnoDB: Ignoring a doublewrite copy of page [page id: space=0, page number=354] with future log sequence number 872679799
2026-08-11  8:15:12 0 [Warning] InnoDB: Ignoring a doublewrite copy of page [page id: space=0, page number=280] with future log sequence number 872679755
2026-08-11  8:15:12 0 [Warning] InnoDB: Ignoring a doublewrite copy of page [page id: space=0, page number=336] with future log sequence number 872679755
2026-08-11  8:15:12 0 [Warning] InnoDB: Ignoring a doublewrite copy of page [page id: space=0, page number=279] with future log sequence number 872679711
2026-08-11  8:15:12 0 [Warning] InnoDB: Ignoring a doublewrite copy of page [page id: space=0, page number=329] with future log sequence number 872679711
2026-08-11  8:15:12 0 [Warning] InnoDB: Ignoring a doublewrite copy of page [page id: space=0, page number=278] with future log sequence number 872679667
2026-08-11  8:15:12 0 [Warning] InnoDB: Ignoring a doublewrite copy of page [page id: space=0, page number=312] with future log sequence number 872679667
2026-08-11  8:15:12 0 [Warning] InnoDB: Ignoring a doublewrite copy of page [page id: space=0, page number=277] with future log sequence number 872679623
2026-08-11  8:15:12 0 [Warning] InnoDB: Ignoring a doublewrite copy of page [page id: space=0, page number=423] with future log sequence number 872679623
2026-08-11  8:15:12 0 [Warning] InnoDB: Ignoring a doublewrite copy of page [page id: space=0, page number=276] with future log sequence number 872679579
2026-08-11  8:15:12 0 [Warning] InnoDB: Ignoring a doublewrite copy of page [page id: space=0, page number=326] with future log sequence number 872679579
2026-08-11  8:15:12 0 [Warning] InnoDB: Ignoring a doublewrite copy of page [page id: space=0, page number=273] with future log sequence number 872679535
2026-08-11  8:15:12 0 [Warning] InnoDB: Ignoring a doublewrite copy of page [page id: space=2, page number=9] with future log sequence number 872666539
2026-08-11  8:15:12 0 [Warning] InnoDB: Ignoring a doublewrite copy of page [page id: space=2, page number=8] with future log sequence number 872590590
2026-08-11  8:15:12 0 [Warning] InnoDB: Ignoring a doublewrite copy of page [page id: space=0, page number=325] with future log sequence number 872679535
2026-08-11  8:15:12 0 [Warning] InnoDB: Ignoring a doublewrite copy of page [page id: space=0, page number=272] with future log sequence number 872679491
2026-08-11  8:15:12 0 [Warning] InnoDB: Ignoring a doublewrite copy of page [page id: space=0, page number=445] with future log sequence number 872679491
2026-08-11  8:15:12 0 [ERROR] InnoDB: Page [page id: space=0, page number=7] log sequence number 872608580 is in the future! Current system log sequence number 870117640.
2026-08-11  8:15:12 0 [ERROR] InnoDB: Your database may be corrupt or you may have copied the InnoDB tablespace but not the InnoDB log files. Please refer to https://mariadb.com/kb/en/library/innodb-recovery-modes/ for information about forcing recovery.
2026-08-11  8:15:12 0 [ERROR] InnoDB: Page [page id: space=0, page number=2] log sequence number 871523475 is in the future! Current system log sequence number 870117640.
2026-08-11  8:15:12 0 [ERROR] InnoDB: Your database may be corrupt or you may have copied the InnoDB tablespace but not the InnoDB log files. Please refer to https://mariadb.com/kb/en/library/innodb-recovery-modes/ for information about forcing recovery.
2026-08-11  8:15:12 0 [ERROR] InnoDB: Page [page id: space=0, page number=4] log sequence number 872526395 is in the future! Current system log sequence number 870117640.
2026-08-11  8:15:12 0 [ERROR] InnoDB: Your database may be corrupt or you may have copied the InnoDB tablespace but not the InnoDB log files. Please refer to https://mariadb.com/kb/en/library/innodb-recovery-modes/ for information about forcing recovery.
2026-08-11  8:15:12 0 [ERROR] InnoDB: Page [page id: space=0, page number=11] log sequence number 872677443 is in the future! Current system log sequence number 870117640.
2026-08-11  8:15:12 0 [ERROR] InnoDB: Your database may be corrupt or you may have copied the InnoDB tablespace but not the InnoDB log files. Please refer to https://mariadb.com/kb/en/library/innodb-recovery-modes/ for information about forcing recovery.
2026-08-11  8:15:12 0 [Note] InnoDB: Starting final batch to recover 421 pages from redo log.
2026-08-11  8:15:12 0 [ERROR] InnoDB: Page [page id: space=0, page number=289] log sequence number 872679991 is in the future! Current system log sequence number 870117640.
2026-08-11  8:15:12 0 [ERROR] InnoDB: Page [page id: space=0, page number=291] log sequence number 872680079 is in the future! Current system log sequence number 870117640.
2026-08-11  8:15:12 0 [ERROR] InnoDB: Page [page id: space=0, page number=288] log sequence number 872372946 is in the future! Current system log sequence number 870117640.
2026-08-11  8:15:12 0 [ERROR] InnoDB: Page [page id: space=0, page number=292] log sequence number 871946657 is in the future! Current system log sequence number 870117640.
2026-08-11  8:15:12 0 [ERROR] InnoDB: Your database may be corrupt or you may have copied the InnoDB tablespace but not the InnoDB log files. Please refer to https://mariadb.com/kb/en/library/innodb-recovery-modes/ for information about forcing recovery.
2026-08-11  8:15:12 0 [ERROR] InnoDB: Your database may be corrupt or you may have copied the InnoDB tablespace but not the InnoDB log files. Please refer to https://mariadb.com/kb/en/library/innodb-recovery-modes/ for information about forcing recovery.
2026-08-11  8:15:12 0 [ERROR] InnoDB: Your database may be corrupt or you may have copied the InnoDB tablespace but not the InnoDB log files. Please refer to https://mariadb.com/kb/en/library/innodb-recovery-modes/ for information about forcing recovery.
2026-08-11  8:15:12 0 [ERROR] InnoDB: Your database may be corrupt or you may have copied the InnoDB tablespace but not the InnoDB log files. Please refer to https://mariadb.com/kb/en/library/innodb-recovery-modes/ for information about forcing recovery.
2026-08-11  8:15:12 0 [ERROR] InnoDB: Page [page id: space=0, page number=293] log sequence number 871946806 is in the future! Current system log sequence number 870117640.
2026-08-11  8:15:12 0 [ERROR] InnoDB: Page [page id: space=0, page number=290] log sequence number 872680035 is in the future! Current system log sequence number 870117640.
2026-08-11  8:15:12 0 [ERROR] InnoDB: Page [page id: space=0, page number=296] log sequence number 872680211 is in the future! Current system log sequence number 870117640.
2026-08-11  8:15:12 0 [ERROR] InnoDB: Page [page id: space=0, page number=295] log sequence number 872680167 is in the future! Current system log sequence number 870117640.
2026-08-11  8:15:12 0 [ERROR] InnoDB: Your database may be corrupt or you may have copied the InnoDB tablespace but not the InnoDB log files. Please refer to https://mariadb.com/kb/en/library/innodb-recovery-modes/ for information about forcing recovery.
2026-08-11  8:15:12 0 [ERROR] InnoDB: Your database may be corrupt or you may have copied the InnoDB tablespace but not the InnoDB log files. Please refer to https://mariadb.com/kb/en/library/innodb-recovery-modes/ for information about forcing recovery.
2026-08-11  8:15:12 0 [ERROR] InnoDB: Your database may be corrupt or you may have copied the InnoDB tablespace but not the InnoDB log files. Please refer to https://mariadb.com/kb/en/library/innodb-recovery-modes/ for information about forcing recovery.
2026-08-11  8:15:12 0 [ERROR] InnoDB: Your database may be corrupt or you may have copied the InnoDB tablespace but not the InnoDB log files. Please refer to https://mariadb.com/kb/en/library/innodb-recovery-modes/ for information about forcing recovery.
2026-08-11  8:15:12 0 [ERROR] InnoDB: Page [page id: space=0, page number=299] log sequence number 872680406 is in the future! Current system log sequence number 870117640.
2026-08-11  8:15:12 0 [ERROR] InnoDB: Page [page id: space=0, page number=298] log sequence number 872680299 is in the future! Current system log sequence number 870117640.
2026-08-11  8:15:12 0 [ERROR] InnoDB: Page [page id: space=0, page number=297] log sequence number 872680255 is in the future! Current system log sequence number 870117640.
2026-08-11  8:15:12 0 [ERROR] InnoDB: Page [page id: space=0, page number=294] log sequence number 872680123 is in the future! Current system log sequence number 870117640.
2026-08-11  8:15:12 0 [ERROR] InnoDB: Page [page id: space=32, page number=1] log sequence number 872526395 is in the future! Current system log sequence number 870117640.
2026-08-11  8:15:12 0 [ERROR] InnoDB: Your database may be corrupt or you may have copied the InnoDB tablespace but not the InnoDB log files. Please refer to https://mariadb.com/kb/en/library/innodb-recovery-modes/ for information about forcing recovery.
2026-08-11  8:15:12 0 [ERROR] InnoDB: Your database may be corrupt or you may have copied the InnoDB tablespace but not the InnoDB log files. Please refer to https://mariadb.com/kb/en/library/innodb-recovery-modes/ for information about forcing recovery.
2026-08-11  8:15:12 0 [ERROR] InnoDB: Page [page id: space=0, page number=300] log sequence number 872680466 is in the future! Current system log sequence number 870117640.
2026-08-11  8:15:12 0 [ERROR] InnoDB: Your database may be corrupt or you may have copied the InnoDB tablespace but not the InnoDB log files. Please refer to https://mariadb.com/kb/en/library/innodb-recovery-modes/ for information about forcing recovery.
2026-08-11  8:15:12 0 [ERROR] InnoDB: Your database may be corrupt or you may have copied the InnoDB tablespace but not the InnoDB log files. Please refer to https://mariadb.com/kb/en/library/innodb-recovery-modes/ for information about forcing recovery.
2026-08-11  8:15:12 0 [ERROR] InnoDB: Your database may be corrupt or you may have copied the InnoDB tablespace but not the InnoDB log files. Please refer to https://mariadb.com/kb/en/library/innodb-recovery-modes/ for information about forcing recovery.
2026-08-11  8:15:12 0 [ERROR] InnoDB: Page [page id: space=0, page number=62] log sequence number 872366821 is in the future! Current system log sequence number 870117640.
2026-08-11  8:15:12 0 [ERROR] InnoDB: Page [page id: space=0, page number=433] log sequence number 872371804 is in the future! Current system log sequence number 870117640.
2026-08-11  8:15:12 0 [ERROR] InnoDB: Page [page id: space=0, page number=63] log sequence number 872366860 is in the future! Current system log sequence number 870117640.
2026-08-11  8:15:12 0 [ERROR] InnoDB: Your database may be corrupt or you may have copied the InnoDB tablespace but not the InnoDB log files. Please refer to https://mariadb.com/kb/en/library/innodb-recovery-modes/ for information about forcing recovery.
2026-08-11  8:15:12 0 [ERROR] InnoDB: Your database may be corrupt or you may have copied the InnoDB tablespace but not the InnoDB log files. Please refer to https://mariadb.com/kb/en/library/innodb-recovery-modes/ for information about forcing recovery.
2026-08-11  8:15:12 0 [ERROR] InnoDB: Your database may be corrupt or you may have copied the InnoDB tablespace but not the InnoDB log files. Please refer to https://mariadb.com/kb/en/library/innodb-recovery-modes/ for information about forcing recovery.
2026-08-11  8:15:12 0 [ERROR] InnoDB: Your database may be corrupt or you may have copied the InnoDB tablespace but not the InnoDB log files. Please refer to https://mariadb.com/kb/en/library/innodb-recovery-modes/ for information about forcing recovery.
2026-08-11  8:15:12 0 [ERROR] InnoDB: Page [page id: space=0, page number=434] log sequence number 872366626 is in the future! Current system log sequence number 870117640.
2026-08-11  8:15:12 0 [ERROR] InnoDB: Page [page id: space=0, page number=56] log sequence number 872366665 is in the future! Current system log sequence number 870117640.
2026-08-11  8:15:12 0 [ERROR] InnoDB: Page [page id: space=0, page number=46] log sequence number 872360372 is in the future! Current system log sequence number 870117640.
2026-08-11  8:15:12 0 [ERROR] InnoDB: Page [page id: space=0, page number=47] log sequence number 872360517 is in the future! Current system log sequence number 870117640.
2026-08-11  8:15:12 0 [ERROR] InnoDB: Your database may be corrupt or you may have copied the InnoDB tablespace but not the InnoDB log files. Please refer to https://mariadb.com/kb/en/library/innodb-recovery-modes/ for information about forcing recovery.
2026-08-11  8:15:12 0 [ERROR] InnoDB: Your database may be corrupt or you may have copied the InnoDB tablespace but not the InnoDB log files. Please refer to https://mariadb.com/kb/en/library/innodb-recovery-modes/ for information about forcing recovery.
2026-08-11  8:15:12 0 [ERROR] InnoDB: Your database may be corrupt or you may have copied the InnoDB tablespace but not the InnoDB log files. Please refer to https://mariadb.com/kb/en/library/innodb-recovery-modes/ for information about forcing recovery.
2026-08-11  8:15:12 0 [ERROR] InnoDB: Your database may be corrupt or you may have copied the InnoDB tablespace but not the InnoDB log files. Please refer to https://mariadb.com/kb/en/library/innodb-recovery-modes/ for information about forcing recovery.
2026-08-11  8:15:12 0 [ERROR] InnoDB: Page [page id: space=0, page number=306] log sequence number 871520611 is in the future! Current system log sequence number 870117640.
2026-08-11  8:15:12 0 [ERROR] InnoDB: Page [page id: space=0, page number=57] log sequence number 872366704 is in the future! Current system log sequence number 870117640.
2026-08-11  8:15:12 0 [ERROR] InnoDB: Page [page id: space=0, page number=421] log sequence number 872372858 is in the future! Current system log sequence number 870117640.
2026-08-11  8:15:12 0 [ERROR] InnoDB: Page [page id: space=0, page number=45] log sequence number 872677978 is in the future! Current system log sequence number 870117640.
2026-08-11  8:15:12 0 [ERROR] InnoDB: Your database may be corrupt or you may have copied the InnoDB tablespace but not the InnoDB log files. Please refer to https://mariadb.com/kb/en/library/innodb-recovery-modes/ for information about forcing recovery.
2026-08-11  8:15:12 0 [ERROR] InnoDB: Your database may be corrupt or you may have copied the InnoDB tablespace but not the InnoDB log files. Please refer to https://mariadb.com/kb/en/library/innodb-recovery-modes/ for information about forcing recovery.
2026-08-11  8:15:12 0 [ERROR] InnoDB: Your database may be corrupt or you may have copied the InnoDB tablespace but not the InnoDB log files. Please refer to https://mariadb.com/kb/en/library/innodb-recovery-modes/ for information about forcing recovery.
2026-08-11  8:15:12 0 [ERROR] InnoDB: Your database may be corrupt or you may have copied the InnoDB tablespace but not the InnoDB log files. Please refer to https://mariadb.com/kb/en/library/innodb-recovery-modes/ for information about forcing recovery.
2026-08-11  8:15:12 0 [ERROR] InnoDB: Page [page id: space=0, page number=60] log sequence number 872366743 is in the future! Current system log sequence number 870117640.
2026-08-11  8:15:12 0 [ERROR] InnoDB: Page [page id: space=0, page number=48] log sequence number 872360556 is in the future! Current system log sequence number 870117640.
2026-08-11  8:15:12 0 [ERROR] InnoDB: Page [page id: space=0, page number=49] log sequence number 872360595 is in the future! Current system log sequence number 870117640.
2026-08-11  8:15:12 0 [ERROR] InnoDB: Your database may be corrupt or you may have copied the InnoDB tablespace but not the InnoDB log files. Please refer to https://mariadb.com/kb/en/library/innodb-recovery-modes/ for information about forcing recovery.
2026-08-11  8:15:12 0 [ERROR] InnoDB: Your database may be corrupt or you may have copied the InnoDB tablespace but not the InnoDB log files. Please refer to https://mariadb.com/kb/en/library/innodb-recovery-modes/ for information about forcing recovery.
2026-08-11  8:15:12 0 [ERROR] InnoDB: Your database may be corrupt or you may have copied the InnoDB tablespace but not the InnoDB log files. Please refer to https://mariadb.com/kb/en/library/innodb-recovery-modes/ for information about forcing recovery.
2026-08-11  8:15:12 0 [ERROR] InnoDB: Page [page id: space=0, page number=54] log sequence number 871942956 is in the future! Current system log sequence number 870117640.
2026-08-11  8:15:12 0 [ERROR] InnoDB: Page [page id: space=0, page number=61] log sequence number 872366782 is in the future! Current system log sequence number 870117640.
2026-08-11  8:15:12 0 [ERROR] InnoDB: Page [page id: space=0, page number=307] log sequence number 872676888 is in the future! Current system log sequence number 870117640.
2026-08-11  8:15:12 0 [ERROR] InnoDB: Page [page id: space=0, page number=55] log sequence number 872366626 is in the future! Current system log sequence number 870117640.
2026-08-11  8:15:12 0 [ERROR] InnoDB: Your database may be corrupt or you may have copied the InnoDB tablespace but not the InnoDB log files. Please refer to https://mariadb.com/kb/en/library/innodb-recovery-modes/ for information about forcing recovery.
2026-08-11  8:15:12 0 [ERROR] InnoDB: Your database may be corrupt or you may have copied the InnoDB tablespace but not the InnoDB log files. Please refer to https://mariadb.com/kb/en/library/innodb-recovery-modes/ for information about forcing recovery.
2026-08-11  8:15:12 0 [ERROR] InnoDB: Your database may be corrupt or you may have copied the InnoDB tablespace but not the InnoDB log files. Please refer to https://mariadb.com/kb/en/library/innodb-recovery-modes/ for information about forcing recovery.
2026-08-11  8:15:12 0 [ERROR] InnoDB: Your database may be corrupt or you may have copied the InnoDB tablespace but not the InnoDB log files. Please refer to https://mariadb.com/kb/en/library/innodb-recovery-modes/ for information about forcing recovery.
2026-08-11  8:15:12 0 [ERROR] InnoDB: Page [page id: space=0, page number=59] log sequence number 871943034 is in the future! Current system log sequence number 870117640.
2026-08-11  8:15:12 0 [ERROR] InnoDB: Page [page id: space=0, page number=431] log sequence number 872372946 is in the future! Current system log sequence number 870117640.
2026-08-11  8:15:12 0 [ERROR] InnoDB: Your database may be corrupt or you may have copied the InnoDB tablespace but not the InnoDB log files. Please refer to https://mariadb.com/kb/en/library/innodb-recovery-modes/ for information about forcing recovery.
2026-08-11  8:15:12 0 [ERROR] InnoDB: Page [page id: space=0, page number=52] log sequence number 871942878 is in the future! Current system log sequence number 870117640.
2026-08-11  8:15:12 0 [ERROR] InnoDB: Page [page id: space=0, page number=58] log sequence number 871942995 is in the future! Current system log sequence number 870117640.
2026-08-11  8:15:12 0 [ERROR] InnoDB: Your database may be corrupt or you may have copied the InnoDB tablespace but not the InnoDB log files. Please refer to https://mariadb.com/kb/en/library/innodb-recovery-modes/ for information about forcing recovery.
2026-08-11  8:15:12 0 [ERROR] InnoDB: Page [page id: space=0, page number=425] log sequence number 872371524 is in the future! Current system log sequence number 870117640.
2026-08-11  8:15:12 0 [ERROR] InnoDB: Your database may be corrupt or you may have copied the InnoDB tablespace but not the InnoDB log files. Please refer to https://mariadb.com/kb/en/library/innodb-recovery-modes/ for information about forcing recovery.
2026-08-11  8:15:12 0 [ERROR] InnoDB: Your database may be corrupt or you may have copied the InnoDB tablespace but not the InnoDB log files. Please refer to https://mariadb.com/kb/en/library/innodb-recovery-modes/ for information about forcing recovery.
2026-08-11  8:15:12 0 [ERROR] InnoDB: Page [page id: space=0, page number=426] log sequence number 872370640 is in the future! Current system log sequence number 870117640.
2026-08-11  8:15:12 0 [ERROR] InnoDB: Your database may be corrupt or you may have copied the InnoDB tablespace but not the InnoDB log files. Please refer to https://mariadb.com/kb/en/library/innodb-recovery-modes/ for information about forcing recovery.
2026-08-11  8:15:12 0 [ERROR] InnoDB: Page [page id: space=0, page number=53] log sequence number 871942917 is in the future! Current system log sequence number 870117640.
2026-08-11  8:15:12 0 [ERROR] InnoDB: Page [page id: space=0, page number=422] log sequence number 872366904 is in the future! Current system log sequence number 870117640.
2026-08-11  8:15:12 0 [ERROR] InnoDB: Your database may be corrupt or you may have copied the InnoDB tablespace but not the InnoDB log files. Please refer to https://mariadb.com/kb/en/library/innodb-recovery-modes/ for information about forcing recovery.
2026-08-11  8:15:12 0 [ERROR] InnoDB: Page [page id: space=0, page number=312] log sequence number 872679667 is in the future! Current system log sequence number 870117640.
2026-08-11  8:15:12 0 [ERROR] InnoDB: Your database may be corrupt or you may have copied the InnoDB tablespace but not the InnoDB log files. Please refer to https://mariadb.com/kb/en/library/innodb-recovery-modes/ for information about forcing recovery.
2026-08-11  8:15:12 0 [ERROR] InnoDB: Your database may be corrupt or you may have copied the InnoDB tablespace but not the InnoDB log files. Please refer to https://mariadb.com/kb/en/library/innodb-recovery-modes/ for information about forcing recovery.
2026-08-11  8:15:12 0 [ERROR] InnoDB: Page [page id: space=0, page number=314] log sequence number 872678585 is in the future! Current system log sequence number 870117640.
2026-08-11  8:15:12 0 [ERROR] InnoDB: Your database may be corrupt or you may have copied the InnoDB tablespace but not the InnoDB log files. Please refer to https://mariadb.com/kb/en/library/innodb-recovery-modes/ for information about forcing recovery.
2026-08-11  8:15:12 0 [ERROR] InnoDB: Page [page id: space=0, page number=442] log sequence number 872370920 is in the future! Current system log sequence number 870117640.
2026-08-11  8:15:12 0 [ERROR] InnoDB: Page [page id: space=0, page number=427] log sequence number 871946806 is in the future! Current system log sequence number 870117640.
2026-08-11  8:15:12 0 [ERROR] InnoDB: Your database may be corrupt or you may have copied the InnoDB tablespace but not the InnoDB log files. Please refer to https://mariadb.com/kb/en/library/innodb-recovery-modes/ for information about forcing recovery.
2026-08-11  8:15:12 0 [ERROR] InnoDB: Page [page id: space=0, page number=317] log sequence number 872360047 is in the future! Current system log sequence number 870117640.
2026-08-11  8:15:12 0 [ERROR] InnoDB: Your database may be corrupt or you may have copied the InnoDB tablespace but not the InnoDB log files. Please refer to https://mariadb.com/kb/en/library/innodb-recovery-modes/ for information about forcing recovery.
2026-08-11  8:15:12 0 [ERROR] InnoDB: Your database may be corrupt or you may have copied the InnoDB tablespace but not the InnoDB log files. Please refer to https://mariadb.com/kb/en/library/innodb-recovery-modes/ for information about forcing recovery.
2026-08-11  8:15:12 0 [ERROR] InnoDB: Page [page id: space=0, page number=318] log sequence number 872678305 is in the future! Current system log sequence number 870117640.
2026-08-11  8:15:12 0 [ERROR] InnoDB: Your database may be corrupt or you may have copied the InnoDB tablespace but not the InnoDB log files. Please refer to https://mariadb.com/kb/en/library/innodb-recovery-modes/ for information about forcing recovery.
2026-08-11  8:15:12 0 [ERROR] InnoDB: Page [page id: space=0, page number=444] log sequence number 872124729 is in the future! Current system log sequence number 870117640.
2026-08-11  8:15:12 0 [ERROR] InnoDB: Page [page id: space=0, page number=50] log sequence number 872365603 is in the future! Current system log sequence number 870117640.
2026-08-11  8:15:12 0 [ERROR] InnoDB: Your database may be corrupt or you may have copied the InnoDB tablespace but not the InnoDB log files. Please refer to https://mariadb.com/kb/en/library/innodb-recovery-modes/ for information about forcing recovery.
2026-08-11  8:15:12 0 [ERROR] InnoDB: Page [page id: space=0, page number=51] log sequence number 871942839 is in the future! Current system log sequence number 870117640.
2026-08-11  8:15:12 0 [ERROR] InnoDB: Your database may be corrupt or you may have copied the InnoDB tablespace but not the InnoDB log files. Please refer to https://mariadb.com/kb/en/library/innodb-recovery-modes/ for information about forcing recovery.
2026-08-11  8:15:12 0 [ERROR] InnoDB: Your database may be corrupt or you may have copied the InnoDB tablespace but not the InnoDB log files. Please refer to https://mariadb.com/kb/en/library/innodb-recovery-modes/ for information about forcing recovery.
2026-08-11  8:15:12 0 [ERROR] InnoDB: Page [page id: space=0, page number=443] log sequence number 872360517 is in the future! Current system log sequence number 870117640.
2026-08-11  8:15:12 0 [ERROR] InnoDB: Your database may be corrupt or you may have copied the InnoDB tablespace but not the InnoDB log files. Please refer to https://mariadb.com/kb/en/library/innodb-recovery-modes/ for information about forcing recovery.
2026-08-11  8:15:12 0 [ERROR] InnoDB: Page [page id: space=0, page number=308] log sequence number 872676876 is in the future! Current system log sequence number 870117640.
2026-08-11  8:15:12 0 [ERROR] InnoDB: Page [page id: space=0, page number=309] log sequence number 872366860 is in the future! Current system log sequence number 870117640.
2026-08-11  8:15:12 0 [ERROR] InnoDB: Your database may be corrupt or you may have copied the InnoDB tablespace but not the InnoDB log files. Please refer to https://mariadb.com/kb/en/library/innodb-recovery-modes/ for information about forcing recovery.
2026-08-11  8:15:12 0 [ERROR] InnoDB: Page [page id: space=0, page number=436] log sequence number 871946912 is in the future! Current system log sequence number 870117640.
2026-08-11  8:15:12 0 [ERROR] InnoDB: Page [page id: space=0, page number=438] log sequence number 872677315 is in the future! Current system log sequence number 870117640.
2026-08-11  8:15:12 0 [ERROR] InnoDB: Your database may be corrupt or you may have copied the InnoDB tablespace but not the InnoDB log files. Please refer to https://mariadb.com/kb/en/library/innodb-recovery-modes/ for information about forcing recovery.
2026-08-11  8:15:12 0 [ERROR] InnoDB: Your database may be corrupt or you may have copied the InnoDB tablespace but not the InnoDB log files. Please refer to https://mariadb.com/kb/en/library/innodb-recovery-modes/ for information about forcing recovery.
2026-08-11  8:15:12 0 [ERROR] InnoDB: Your database may be corrupt or you may have copied the InnoDB tablespace but not the InnoDB log files. Please refer to https://mariadb.com/kb/en/library/innodb-recovery-modes/ for information about forcing recovery.
2026-08-11  8:15:12 0 [ERROR] InnoDB: Page [page id: space=0, page number=257] log sequence number 871946049 is in the future! Current system log sequence number 870117640.
2026-08-11  8:15:12 0 [ERROR] InnoDB: Page [page id: space=0, page number=260] log sequence number 872678953 is in the future! Current system log sequence number 870117640.
2026-08-11  8:15:12 0 [ERROR] InnoDB: Your database may be corrupt or you may have copied the InnoDB tablespace but not the InnoDB log files. Please refer to https://mariadb.com/kb/en/library/innodb-recovery-modes/ for information about forcing recovery.
2026-08-11  8:15:12 0 [ERROR] InnoDB: Page [page id: space=0, page number=256] log sequence number 872678849 is in the future! Current system log sequence number 870117640.
2026-08-11  8:15:12 0 [ERROR] InnoDB: Your database may be corrupt or you may have copied the InnoDB tablespace but not the InnoDB log files. Please refer to https://mariadb.com/kb/en/library/innodb-recovery-modes/ for information about forcing recovery.
2026-08-11  8:15:12 0 [ERROR] InnoDB: Your database may be corrupt or you may have copied the InnoDB tablespace but not the InnoDB log files. Please refer to https://mariadb.com/kb/en/library/innodb-recovery-modes/ for information about forcing recovery.
2026-08-11  8:15:12 0 [ERROR] InnoDB: Page [page id: space=0, page number=261] log sequence number 872679060 is in the future! Current system log sequence number 870117640.
2026-08-11  8:15:12 0 [ERROR] InnoDB: Page [page id: space=0, page number=263] log sequence number 872679148 is in the future! Current system log sequence number 870117640.
2026-08-11  8:15:12 0 [ERROR] InnoDB: Page [page id: space=0, page number=262] log sequence number 872679104 is in the future! Current system log sequence number 870117640.
2026-08-11  8:15:12 0 [ERROR] InnoDB: Your database may be corrupt or you may have copied the InnoDB tablespace but not the InnoDB log files. Please refer to https://mariadb.com/kb/en/library/innodb-recovery-modes/ for information about forcing recovery.
2026-08-11  8:15:12 0 [ERROR] InnoDB: Your database may be corrupt or you may have copied the InnoDB tablespace but not the InnoDB log files. Please refer to https://mariadb.com/kb/en/library/innodb-recovery-modes/ for information about forcing recovery.
2026-08-11  8:15:12 0 [ERROR] InnoDB: Your database may be corrupt or you may have copied the InnoDB tablespace but not the InnoDB log files. Please refer to https://mariadb.com/kb/en/library/innodb-recovery-modes/ for information about forcing recovery.
2026-08-11  8:15:12 0 [ERROR] InnoDB: Your database may be corrupt or you may have copied the InnoDB tablespace but not the InnoDB log files. Please refer to https://mariadb.com/kb/en/library/innodb-recovery-modes/ for information about forcing recovery.
2026-08-11  8:15:12 0 [ERROR] InnoDB: Page [page id: space=0, page number=264] log sequence number 872679255 is in the future! Current system log sequence number 870117640.
2026-08-11  8:15:12 0 [ERROR] InnoDB: Page [page id: space=0, page number=265] log sequence number 872679299 is in the future! Current system log sequence number 870117640.
2026-08-11  8:15:12 0 [ERROR] InnoDB: Page [page id: space=0, page number=266] log sequence number 872679343 is in the future! Current system log sequence number 870117640.
2026-08-11  8:15:12 0 [ERROR] InnoDB: Page [page id: space=0, page number=269] log sequence number 872372282 is in the future! Current system log sequence number 870117640.
2026-08-11  8:15:12 0 [ERROR] InnoDB: Your database may be corrupt or you may have copied the InnoDB tablespace but not the InnoDB log files. Please refer to https://mariadb.com/kb/en/library/innodb-recovery-modes/ for information about forcing recovery.
2026-08-11  8:15:12 0 [ERROR] InnoDB: Your database may be corrupt or you may have copied the InnoDB tablespace but not the InnoDB log files. Please refer to https://mariadb.com/kb/en/library/innodb-recovery-modes/ for information about forcing recovery.
2026-08-11  8:15:12 0 [ERROR] InnoDB: Your database may be corrupt or you may have copied the InnoDB tablespace but not the InnoDB log files. Please refer to https://mariadb.com/kb/en/library/innodb-recovery-modes/ for information about forcing recovery.
2026-08-11  8:15:12 0 [ERROR] InnoDB: Your database may be corrupt or you may have copied the InnoDB tablespace but not the InnoDB log files. Please refer to https://mariadb.com/kb/en/library/innodb-recovery-modes/ for information about forcing recovery.
2026-08-11  8:15:12 0 [ERROR] InnoDB: Page [page id: space=0, page number=267] log sequence number 872679387 is in the future! Current system log sequence number 870117640.
2026-08-11  8:15:12 0 [ERROR] InnoDB: Page [page id: space=0, page number=268] log sequence number 872372238 is in the future! Current system log sequence number 870117640.
2026-08-11  8:15:12 0 [ERROR] InnoDB: Page [page id: space=0, page number=271] log sequence number 872679447 is in the future! Current system log sequence number 870117640.
2026-08-11  8:15:12 0 [ERROR] InnoDB: Page [page id: space=0, page number=275] log sequence number 871520655 is in the future! Current system log sequence number 870117640.
2026-08-11  8:15:12 0 [ERROR] InnoDB: Your database may be corrupt or you may have copied the InnoDB tablespace but not the InnoDB log files. Please refer to https://mariadb.com/kb/en/library/innodb-recovery-modes/ for information about forcing recovery.
2026-08-11  8:15:12 0 [ERROR] InnoDB: Your database may be corrupt or you may have copied the InnoDB tablespace but not the InnoDB log files. Please refer to https://mariadb.com/kb/en/library/innodb-recovery-modes/ for information about forcing recovery.
2026-08-11  8:15:12 0 [ERROR] InnoDB: Your database may be corrupt or you may have copied the InnoDB tablespace but not the InnoDB log files. Please refer to https://mariadb.com/kb/en/library/innodb-recovery-modes/ for information about forcing recovery.
2026-08-11  8:15:12 0 [ERROR] InnoDB: Your database may be corrupt or you may have copied the InnoDB tablespace but not the InnoDB log files. Please refer to https://mariadb.com/kb/en/library/innodb-recovery-modes/ for information about forcing recovery.
2026-08-11  8:15:12 0 [ERROR] InnoDB: Page [page id: space=0, page number=274] log sequence number 871520611 is in the future! Current system log sequence number 870117640.
2026-08-11  8:15:12 0 [ERROR] InnoDB: Page [page id: space=0, page number=273] log sequence number 872679535 is in the future! Current system log sequence number 870117640.
2026-08-11  8:15:12 0 [ERROR] InnoDB: Page [page id: space=0, page number=270] log sequence number 872372326 is in the future! Current system log sequence number 870117640.
2026-08-11  8:15:12 0 [ERROR] InnoDB: Your database may be corrupt or you may have copied the InnoDB tablespace but not the InnoDB log files. Please refer to https://mariadb.com/kb/en/library/innodb-recovery-modes/ for information about forcing recovery.
2026-08-11  8:15:12 0 [ERROR] InnoDB: Your database may be corrupt or you may have copied the InnoDB tablespace but not the InnoDB log files. Please refer to https://mariadb.com/kb/en/library/innodb-recovery-modes/ for information about forcing recovery.
2026-08-11  8:15:12 0 [ERROR] InnoDB: Page [page id: space=0, page number=272] log sequence number 872679491 is in the future! Current system log sequence number 870117640.
2026-08-11  8:15:12 0 [ERROR] InnoDB: Your database may be corrupt or you may have copied the InnoDB tablespace but not the InnoDB log files. Please refer to https://mariadb.com/kb/en/library/innodb-recovery-modes/ for information about forcing recovery.
2026-08-11  8:15:12 0 [ERROR] InnoDB: Page [page id: space=0, page number=278] log sequence number 872679667 is in the future! Current system log sequence number 870117640.
2026-08-11  8:15:12 0 [ERROR] InnoDB: Page [page id: space=0, page number=276] log sequence number 872679579 is in the future! Current system log sequence number 870117640.
2026-08-11  8:15:12 0 [ERROR] InnoDB: Your database may be corrupt or you may have copied the InnoDB tablespace but not the InnoDB log files. Please refer to https://mariadb.com/kb/en/library/innodb-recovery-modes/ for information about forcing recovery.
2026-08-11  8:15:12 0 [ERROR] InnoDB: Page [page id: space=0, page number=279] log sequence number 872679711 is in the future! Current system log sequence number 870117640.
2026-08-11  8:15:12 0 [ERROR] InnoDB: Your database may be corrupt or you may have copied the InnoDB tablespace but not the InnoDB log files. Please refer to https://mariadb.com/kb/en/library/innodb-recovery-modes/ for information about forcing recovery.
2026-08-11  8:15:12 0 [ERROR] InnoDB: Your database may be corrupt or you may have copied the InnoDB tablespace but not the InnoDB log files. Please refer to https://mariadb.com/kb/en/library/innodb-recovery-modes/ for information about forcing recovery.
2026-08-11  8:15:12 0 [ERROR] InnoDB: Page [page id: space=0, page number=280] log sequence number 872679755 is in the future! Current system log sequence number 870117640.
2026-08-11  8:15:12 0 [ERROR] InnoDB: Your database may be corrupt or you may have copied the InnoDB tablespace but not the InnoDB log files. Please refer to https://mariadb.com/kb/en/library/innodb-recovery-modes/ for information about forcing recovery.
2026-08-11  8:15:12 0 [ERROR] InnoDB: Your database may be corrupt or you may have copied the InnoDB tablespace but not the InnoDB log files. Please refer to https://mariadb.com/kb/en/library/innodb-recovery-modes/ for information about forcing recovery.
2026-08-11  8:15:12 0 [ERROR] InnoDB: Page [page id: space=0, page number=283] log sequence number 872679887 is in the future! Current system log sequence number 870117640.
2026-08-11  8:15:12 0 [ERROR] InnoDB: Page [page id: space=0, page number=284] log sequence number 872679931 is in the future! Current system log sequence number 870117640.
2026-08-11  8:15:12 0 [ERROR] InnoDB: Page [page id: space=0, page number=282] log sequence number 872679843 is in the future! Current system log sequence number 870117640.
2026-08-11  8:15:12 0 [ERROR] InnoDB: Page [page id: space=0, page number=281] log sequence number 872679799 is in the future! Current system log sequence number 870117640.
2026-08-11  8:15:12 0 [ERROR] InnoDB: Your database may be corrupt or you may have copied the InnoDB tablespace but not the InnoDB log files. Please refer to https://mariadb.com/kb/en/library/innodb-recovery-modes/ for information about forcing recovery.
2026-08-11  8:15:12 0 [ERROR] InnoDB: Your database may be corrupt or you may have copied the InnoDB tablespace but not the InnoDB log files. Please refer to https://mariadb.com/kb/en/library/innodb-recovery-modes/ for information about forcing recovery.
2026-08-11  8:15:12 0 [ERROR] InnoDB: Your database may be corrupt or you may have copied the InnoDB tablespace but not the InnoDB log files. Please refer to https://mariadb.com/kb/en/library/innodb-recovery-modes/ for information about forcing recovery.
2026-08-11  8:15:12 0 [ERROR] InnoDB: Your database may be corrupt or you may have copied the InnoDB tablespace but not the InnoDB log files. Please refer to https://mariadb.com/kb/en/library/innodb-recovery-modes/ for information about forcing recovery.
2026-08-11  8:15:12 0 [ERROR] InnoDB: Page [page id: space=0, page number=285] log sequence number 872372814 is in the future! Current system log sequence number 870117640.
2026-08-11  8:15:12 0 [ERROR] InnoDB: Page [page id: space=32, page number=3] log sequence number 871293972 is in the future! Current system log sequence number 870117640.
2026-08-11  8:15:12 0 [ERROR] InnoDB: Page [page id: space=0, page number=286] log sequence number 872372858 is in the future! Current system log sequence number 870117640.
2026-08-11  8:15:12 0 [ERROR] InnoDB: Page [page id: space=0, page number=287] log sequence number 872372902 is in the future! Current system log sequence number 870117640.
2026-08-11  8:15:12 0 [ERROR] InnoDB: Your database may be corrupt or you may have copied the InnoDB tablespace but not the InnoDB log files. Please refer to https://mariadb.com/kb/en/library/innodb-recovery-modes/ for information about forcing recovery.
2026-08-11  8:15:12 0 [ERROR] InnoDB: Your database may be corrupt or you may have copied the InnoDB tablespace but not the InnoDB log files. Please refer to https://mariadb.com/kb/en/library/innodb-recovery-modes/ for information about forcing recovery.
2026-08-11  8:15:12 0 [ERROR] InnoDB: Your database may be corrupt or you may have copied the InnoDB tablespace but not the InnoDB log files. Please refer to https://mariadb.com/kb/en/library/innodb-recovery-modes/ for information about forcing recovery.
2026-08-11  8:15:12 0 [ERROR] InnoDB: Page [page id: space=0, page number=391] log sequence number 872371392 is in the future! Current system log sequence number 870117640.
2026-08-11  8:15:12 0 [ERROR] InnoDB: Page [page id: space=0, page number=384] log sequence number 872371568 is in the future! Current system log sequence number 870117640.
2026-08-11  8:15:12 0 [ERROR] InnoDB: Your database may be corrupt or you may have copied the InnoDB tablespace but not the InnoDB log files. Please refer to https://mariadb.com/kb/en/library/innodb-recovery-modes/ for information about forcing recovery.
2026-08-11  8:15:12 0 [ERROR] InnoDB: Page [page id: space=0, page number=392] log sequence number 872678849 is in the future! Current system log sequence number 870117640.
2026-08-11  8:15:12 0 [ERROR] InnoDB: Your database may be corrupt or you may have copied the InnoDB tablespace but not the InnoDB log files. Please refer to https://mariadb.com/kb/en/library/innodb-recovery-modes/ for information about forcing recovery.
2026-08-11  8:15:12 0 [ERROR] InnoDB: Your database may be corrupt or you may have copied the InnoDB tablespace but not the InnoDB log files. Please refer to https://mariadb.com/kb/en/library/innodb-recovery-modes/ for information about forcing recovery.
2026-08-11  8:15:12 0 [ERROR] InnoDB: Page [page id: space=0, page number=385] log sequence number 872360372 is in the future! Current system log sequence number 870117640.
2026-08-11  8:15:12 0 [ERROR] InnoDB: Your database may be corrupt or you may have copied the InnoDB tablespace but not the InnoDB log files. Please refer to https://mariadb.com/kb/en/library/innodb-recovery-modes/ for information about forcing recovery.
2026-08-11  8:15:12 0 [ERROR] InnoDB: Page [page id: space=0, page number=397] log sequence number 871942878 is in the future! Current system log sequence number 870117640.
2026-08-11  8:15:12 0 [ERROR] InnoDB: Page [page id: space=0, page number=402] log sequence number 872366821 is in the future! Current system log sequence number 870117640.
2026-08-11  8:15:12 0 [ERROR] InnoDB: Your database may be corrupt or you may have copied the InnoDB tablespace but not the InnoDB log files. Please refer to https://mariadb.com/kb/en/library/innodb-recovery-modes/ for information about forcing recovery.
2026-08-11  8:15:12 0 [ERROR] InnoDB: Page [page id: space=0, page number=413] log sequence number 872261788 is in the future! Current system log sequence number 870117640.
2026-08-11  8:15:12 0 [ERROR] InnoDB: Your database may be corrupt or you may have copied the InnoDB tablespace but not the InnoDB log files. Please refer to https://mariadb.com/kb/en/library/innodb-recovery-modes/ for information about forcing recovery.
2026-08-11  8:15:12 0 [ERROR] InnoDB: Your database may be corrupt or you may have copied the InnoDB tablespace but not the InnoDB log files. Please refer to https://mariadb.com/kb/en/library/innodb-recovery-modes/ for information about forcing recovery.
2026-08-11  8:15:12 0 [ERROR] InnoDB: Page [page id: space=0, page number=408] log sequence number 872678305 is in the future! Current system log sequence number 870117640.
2026-08-11  8:15:12 0 [ERROR] InnoDB: Your database may be corrupt or you may have copied the InnoDB tablespace but not the InnoDB log files. Please refer to https://mariadb.com/kb/en/library/innodb-recovery-modes/ for information about forcing recovery.
2026-08-11  8:15:12 0 [ERROR] InnoDB: Page [page id: space=32, page number=23] log sequence number 872526395 is in the future! Current system log sequence number 870117640.
2026-08-11  8:15:12 0 [ERROR] InnoDB: Page [page id: space=0, page number=401] log sequence number 871944854 is in the future! Current system log sequence number 870117640.
2026-08-11  8:15:12 0 [ERROR] InnoDB: Your database may be corrupt or you may have copied the InnoDB tablespace but not the InnoDB log files. Please refer to https://mariadb.com/kb/en/library/innodb-recovery-modes/ for information about forcing recovery.
2026-08-11  8:15:12 0 [ERROR] InnoDB: Page [page id: space=0, page number=409] log sequence number 872371093 is in the future! Current system log sequence number 870117640.
2026-08-11  8:15:12 0 [ERROR] InnoDB: Your database may be corrupt or you may have copied the InnoDB tablespace but not the InnoDB log files. Please refer to https://mariadb.com/kb/en/library/innodb-recovery-modes/ for information about forcing recovery.
2026-08-11  8:15:12 0 [ERROR] InnoDB: Your database may be corrupt or you may have copied the InnoDB tablespace but not the InnoDB log files. Please refer to https://mariadb.com/kb/en/library/innodb-recovery-modes/ for information about forcing recovery.
2026-08-11  8:15:12 0 [ERROR] InnoDB: Page [page id: space=0, page number=410] log sequence number 872680123 is in the future! Current system log sequence number 870117640.
2026-08-11  8:15:12 0 [ERROR] InnoDB: Your database may be corrupt or you may have copied the InnoDB tablespace but not the InnoDB log files. Please refer to https://mariadb.com/kb/en/library/innodb-recovery-modes/ for information about forcing recovery.
2026-08-11  8:15:12 0 [ERROR] InnoDB: Page [page id: space=0, page number=403] log sequence number 872365603 is in the future! Current system log sequence number 870117640.
2026-08-11  8:15:12 0 [ERROR] InnoDB: Page [page id: space=0, page number=414] log sequence number 872678393 is in the future! Current system log sequence number 870117640.
2026-08-11  8:15:12 0 [ERROR] InnoDB: Your database may be corrupt or you may have copied the InnoDB tablespace but not the InnoDB log files. Please refer to https://mariadb.com/kb/en/library/innodb-recovery-modes/ for information about forcing recovery.
2026-08-11  8:15:12 0 [ERROR] InnoDB: Page [page id: space=0, page number=224] log sequence number 872371656 is in the future! Current system log sequence number 870117640.
2026-08-11  8:15:12 0 [ERROR] InnoDB: Your database may be corrupt or you may have copied the InnoDB tablespace but not the InnoDB log files. Please refer to https://mariadb.com/kb/en/library/innodb-recovery-modes/ for information about forcing recovery.
2026-08-11  8:15:12 0 [ERROR] InnoDB: Your database may be corrupt or you may have copied the InnoDB tablespace but not the InnoDB log files. Please refer to https://mariadb.com/kb/en/library/innodb-recovery-modes/ for information about forcing recovery.
2026-08-11  8:15:12 0 [ERROR] InnoDB: Page [page id: space=0, page number=406] log sequence number 871943784 is in the future! Current system log sequence number 870117640.
2026-08-11  8:15:12 0 [ERROR] InnoDB: Your database may be corrupt or you may have copied the InnoDB tablespace but not the InnoDB log files. Please refer to https://mariadb.com/kb/en/library/innodb-recovery-modes/ for information about forcing recovery.
2026-08-11  8:15:12 0 [ERROR] InnoDB: Page [page id: space=0, page number=229] log sequence number 872678022 is in the future! Current system log sequence number 870117640.
2026-08-11  8:15:12 0 [ERROR] InnoDB: Page [page id: space=0, page number=230] log sequence number 872678066 is in the future! Current system log sequence number 870117640.
2026-08-11  8:15:12 0 [ERROR] InnoDB: Your database may be corrupt or you may have copied the InnoDB tablespace but not the InnoDB log files. Please refer to https://mariadb.com/kb/en/library/innodb-recovery-modes/ for information about forcing recovery.
2026-08-11  8:15:12 0 [ERROR] InnoDB: Page [page id: space=0, page number=231] log sequence number 872678110 is in the future! Current system log sequence number 870117640.
2026-08-11  8:15:12 0 [ERROR] InnoDB: Your database may be corrupt or you may have copied the InnoDB tablespace but not the InnoDB log files. Please refer to https://mariadb.com/kb/en/library/innodb-recovery-modes/ for information about forcing recovery.
2026-08-11  8:15:12 0 [ERROR] InnoDB: Your database may be corrupt or you may have copied the InnoDB tablespace but not the InnoDB log files. Please refer to https://mariadb.com/kb/en/library/innodb-recovery-modes/ for information about forcing recovery.
2026-08-11  8:15:12 0 [ERROR] InnoDB: Page [page id: space=0, page number=232] log sequence number 871945162 is in the future! Current system log sequence number 870117640.
2026-08-11  8:15:12 0 [ERROR] InnoDB: Your database may be corrupt or you may have copied the InnoDB tablespace but not the InnoDB log files. Please refer to https://mariadb.com/kb/en/library/innodb-recovery-modes/ for information about forcing recovery.
2026-08-11  8:15:12 0 [ERROR] InnoDB: Page [page id: space=0, page number=225] log sequence number 872371700 is in the future! Current system log sequence number 870117640.
2026-08-11  8:15:12 0 [ERROR] InnoDB: Page [page id: space=0, page number=233] log sequence number 871945206 is in the future! Current system log sequence number 870117640.
2026-08-11  8:15:12 0 [ERROR] InnoDB: Your database may be corrupt or you may have copied the InnoDB tablespace but not the InnoDB log files. Please refer to https://mariadb.com/kb/en/library/innodb-recovery-modes/ for information about forcing recovery.
2026-08-11  8:15:12 0 [ERROR] InnoDB: Page [page id: space=0, page number=226] log sequence number 872371760 is in the future! Current system log sequence number 870117640.
2026-08-11  8:15:12 0 [ERROR] InnoDB: Your database may be corrupt or you may have copied the InnoDB tablespace but not the InnoDB log files. Please refer to https://mariadb.com/kb/en/library/innodb-recovery-modes/ for information about forcing recovery.
2026-08-11  8:15:12 0 [ERROR] InnoDB: Your database may be corrupt or you may have copied the InnoDB tablespace but not the InnoDB log files. Please refer to https://mariadb.com/kb/en/library/innodb-recovery-modes/ for information about forcing recovery.
2026-08-11  8:15:12 0 [ERROR] InnoDB: Page [page id: space=0, page number=227] log sequence number 872371804 is in the future! Current system log sequence number 870117640.
2026-08-11  8:15:12 0 [ERROR] InnoDB: Your database may be corrupt or you may have copied the InnoDB tablespace but not the InnoDB log files. Please refer to https://mariadb.com/kb/en/library/innodb-recovery-modes/ for information about forcing recovery.
2026-08-11  8:15:12 0 [ERROR] InnoDB: Your database may be corrupt or you may have copied the InnoDB tablespace but not the InnoDB log files. Please refer to https://mariadb.com/kb/en/library/innodb-recovery-modes/ for information about forcing recovery.
2026-08-11  8:15:12 0 [ERROR] InnoDB: Page [page id: space=0, page number=249] log sequence number 872678717 is in the future! Current system log sequence number 870117640.
2026-08-11  8:15:12 0 [ERROR] InnoDB: Page [page id: space=0, page number=228] log sequence number 872371911 is in the future! Current system log sequence number 870117640.
2026-08-11  8:15:12 0 [ERROR] InnoDB: Page [page id: space=0, page number=234] log sequence number 871945266 is in the future! Current system log sequence number 870117640.
2026-08-11  8:15:12 0 [ERROR] InnoDB: Page [page id: space=0, page number=248] log sequence number 872678673 is in the future! Current system log sequence number 870117640.
2026-08-11  8:15:12 0 [ERROR] InnoDB: Your database may be corrupt or you may have copied the InnoDB tablespace but not the InnoDB log files. Please refer to https://mariadb.com/kb/en/library/innodb-recovery-modes/ for information about forcing recovery.
2026-08-11  8:15:12 0 [ERROR] InnoDB: Your database may be corrupt or you may have copied the InnoDB tablespace but not the InnoDB log files. Please refer to https://mariadb.com/kb/en/library/innodb-recovery-modes/ for information about forcing recovery.
2026-08-11  8:15:12 0 [ERROR] InnoDB: Your database may be corrupt or you may have copied the InnoDB tablespace but not the InnoDB log files. Please refer to https://mariadb.com/kb/en/library/innodb-recovery-modes/ for information about forcing recovery.
2026-08-11  8:15:12 0 [ERROR] InnoDB: Your database may be corrupt or you may have copied the InnoDB tablespace but not the InnoDB log files. Please refer to https://mariadb.com/kb/en/library/innodb-recovery-modes/ for information about forcing recovery.
2026-08-11  8:15:12 0 [ERROR] InnoDB: Page [page id: space=0, page number=245] log sequence number 872678541 is in the future! Current system log sequence number 870117640.
2026-08-11  8:15:12 0 [ERROR] InnoDB: Page [page id: space=0, page number=246] log sequence number 872678585 is in the future! Current system log sequence number 870117640.
2026-08-11  8:15:12 0 [ERROR] InnoDB: Page [page id: space=0, page number=247] log sequence number 872678629 is in the future! Current system log sequence number 870117640.
2026-08-11  8:15:12 0 [ERROR] InnoDB: Page [page id: space=0, page number=244] log sequence number 872678497 is in the future! Current system log sequence number 870117640.
2026-08-11  8:15:12 0 [ERROR] InnoDB: Your database may be corrupt or you may have copied the InnoDB tablespace but not the InnoDB log files. Please refer to https://mariadb.com/kb/en/library/innodb-recovery-modes/ for information about forcing recovery.
2026-08-11  8:15:12 0 [ERROR] InnoDB: Your database may be corrupt or you may have copied the InnoDB tablespace but not the InnoDB log files. Please refer to https://mariadb.com/kb/en/library/innodb-recovery-modes/ for information about forcing recovery.
2026-08-11  8:15:12 0 [ERROR] InnoDB: Page [page id: space=0, page number=243] log sequence number 872370438 is in the future! Current system log sequence number 870117640.
2026-08-11  8:15:12 0 [ERROR] InnoDB: Your database may be corrupt or you may have copied the InnoDB tablespace but not the InnoDB log files. Please refer to https://mariadb.com/kb/en/library/innodb-recovery-modes/ for information about forcing recovery.
2026-08-11  8:15:12 0 [ERROR] InnoDB: Your database may be corrupt or you may have copied the InnoDB tablespace but not the InnoDB log files. Please refer to https://mariadb.com/kb/en/library/innodb-recovery-modes/ for information about forcing recovery.
2026-08-11  8:15:12 0 [ERROR] InnoDB: Page [page id: space=0, page number=238] log sequence number 871517836 is in the future! Current system log sequence number 870117640.
2026-08-11  8:15:12 0 [ERROR] InnoDB: Your database may be corrupt or you may have copied the InnoDB tablespace but not the InnoDB log files. Please refer to https://mariadb.com/kb/en/library/innodb-recovery-modes/ for information about forcing recovery.
2026-08-11  8:15:12 0 [ERROR] InnoDB: Your database may be corrupt or you may have copied the InnoDB tablespace but not the InnoDB log files. Please refer to https://mariadb.com/kb/en/library/innodb-recovery-modes/ for information about forcing recovery.
2026-08-11  8:15:12 0 [ERROR] InnoDB: Page [page id: space=0, page number=241] log sequence number 872678393 is in the future! Current system log sequence number 870117640.
2026-08-11  8:15:12 0 [ERROR] InnoDB: Page [page id: space=0, page number=242] log sequence number 872678453 is in the future! Current system log sequence number 870117640.
2026-08-11  8:15:12 0 [ERROR] InnoDB: Page [page id: space=0, page number=236] log sequence number 872678198 is in the future! Current system log sequence number 870117640.
2026-08-11  8:15:12 0 [ERROR] InnoDB: Page [page id: space=0, page number=255] log sequence number 872678805 is in the future! Current system log sequence number 870117640.
2026-08-11  8:15:12 0 [ERROR] InnoDB: Your database may be corrupt or you may have copied the InnoDB tablespace but not the InnoDB log files. Please refer to https://mariadb.com/kb/en/library/innodb-recovery-modes/ for information about forcing recovery.
2026-08-11  8:15:12 0 [ERROR] InnoDB: Your database may be corrupt or you may have copied the InnoDB tablespace but not the InnoDB log files. Please refer to https://mariadb.com/kb/en/library/innodb-recovery-modes/ for information about forcing recovery.
2026-08-11  8:15:12 0 [ERROR] InnoDB: Your database may be corrupt or you may have copied the InnoDB tablespace but not the InnoDB log files. Please refer to https://mariadb.com/kb/en/library/innodb-recovery-modes/ for information about forcing recovery.
2026-08-11  8:15:12 0 [ERROR] InnoDB: Your database may be corrupt or you may have copied the InnoDB tablespace but not the InnoDB log files. Please refer to https://mariadb.com/kb/en/library/innodb-recovery-modes/ for information about forcing recovery.
2026-08-11  8:15:12 0 [ERROR] InnoDB: Page [page id: space=0, page number=237] log sequence number 872678305 is in the future! Current system log sequence number 870117640.
2026-08-11  8:15:12 0 [ERROR] InnoDB: Page [page id: space=0, page number=250] log sequence number 871945829 is in the future! Current system log sequence number 870117640.
2026-08-11  8:15:12 0 [ERROR] InnoDB: Page [page id: space=0, page number=0] log sequence number 872680406 is in the future! Current system log sequence number 870117640.
2026-08-11  8:15:12 0 [ERROR] InnoDB: Page [page id: space=0, page number=8] log sequence number 872676812 is in the future! Current system log sequence number 870117640.
2026-08-11  8:15:12 0 [ERROR] InnoDB: Your database may be corrupt or you may have copied the InnoDB tablespace but not the InnoDB log files. Please refer to https://mariadb.com/kb/en/library/innodb-recovery-modes/ for information about forcing recovery.
2026-08-11  8:15:12 0 [ERROR] InnoDB: Your database may be corrupt or you may have copied the InnoDB tablespace but not the InnoDB log files. Please refer to https://mariadb.com/kb/en/library/innodb-recovery-modes/ for information about forcing recovery.
2026-08-11  8:15:12 0 [ERROR] InnoDB: Your database may be corrupt or you may have copied the InnoDB tablespace but not the InnoDB log files. Please refer to https://mariadb.com/kb/en/library/innodb-recovery-modes/ for information about forcing recovery.
2026-08-11  8:15:12 0 [ERROR] InnoDB: Page [page id: space=0, page number=12] log sequence number 872677565 is in the future! Current system log sequence number 870117640.
2026-08-11  8:15:12 0 [ERROR] InnoDB: Page [page id: space=0, page number=9] log sequence number 872676807 is in the future! Current system log sequence number 870117640.
2026-08-11  8:15:12 0 [ERROR] InnoDB: Your database may be corrupt or you may have copied the InnoDB tablespace but not the InnoDB log files. Please refer to https://mariadb.com/kb/en/library/innodb-recovery-modes/ for information about forcing recovery.
2026-08-11  8:15:12 0 [ERROR] InnoDB: Page [page id: space=0, page number=6] log sequence number 872677939 is in the future! Current system log sequence number 870117640.
2026-08-11  8:15:12 0 [ERROR] InnoDB: Your database may be corrupt or you may have copied the InnoDB tablespace but not the InnoDB log files. Please refer to https://mariadb.com/kb/en/library/innodb-recovery-modes/ for information about forcing recovery.
2026-08-11  8:15:12 0 [ERROR] InnoDB: Your database may be corrupt or you may have copied the InnoDB tablespace but not the InnoDB log files. Please refer to https://mariadb.com/kb/en/library/innodb-recovery-modes/ for information about forcing recovery.
2026-08-11  8:15:12 0 [ERROR] InnoDB: Page [page id: space=2, page number=2] log sequence number 872666539 is in the future! Current system log sequence number 870117640.
2026-08-11  8:15:12 0 [ERROR] InnoDB: Your database may be corrupt or you may have copied the InnoDB tablespace but not the InnoDB log files. Please refer to https://mariadb.com/kb/en/library/innodb-recovery-modes/ for information about forcing recovery.
2026-08-11  8:15:12 0 [ERROR] InnoDB: Page [page id: space=2, page number=0] log sequence number 872666539 is in the future! Current system log sequence number 870117640.
2026-08-11  8:15:12 0 [ERROR] InnoDB: Page [page id: space=2, page number=3] log sequence number 872666539 is in the future! Current system log sequence number 870117640.
2026-08-11  8:15:12 0 [ERROR] InnoDB: Your database may be corrupt or you may have copied the InnoDB tablespace but not the InnoDB log files. Please refer to https://mariadb.com/kb/en/library/innodb-recovery-modes/ for information about forcing recovery.
2026-08-11  8:15:12 0 [ERROR] InnoDB: Page [page id: space=7035, page number=3] log sequence number 871278991 is in the future! Current system log sequence number 870117640.
2026-08-11  8:15:12 0 [ERROR] InnoDB: Your database may be corrupt or you may have copied the InnoDB tablespace but not the InnoDB log files. Please refer to https://mariadb.com/kb/en/library/innodb-recovery-modes/ for information about forcing recovery.
2026-08-11  8:15:12 0 [ERROR] InnoDB: Your database may be corrupt or you may have copied the InnoDB tablespace but not the InnoDB log files. Please refer to https://mariadb.com/kb/en/library/innodb-recovery-modes/ for information about forcing recovery.
2026-08-11  8:15:12 0 [ERROR] InnoDB: Page [page id: space=2, page number=5] log sequence number 872660540 is in the future! Current system log sequence number 870117640.
2026-08-11  8:15:12 0 [ERROR] InnoDB: Page [page id: space=7034, page number=3] log sequence number 871293665 is in the future! Current system log sequence number 870117640.
2026-08-11  8:15:12 0 [ERROR] InnoDB: Page [page id: space=7035, page number=4] log sequence number 871278850 is in the future! Current system log sequence number 870117640.
2026-08-11  8:15:12 0 [ERROR] InnoDB: Your database may be corrupt or you may have copied the InnoDB tablespace but not the InnoDB log files. Please refer to https://mariadb.com/kb/en/library/innodb-recovery-modes/ for information about forcing recovery.
2026-08-11  8:15:12 0 [ERROR] InnoDB: Your database may be corrupt or you may have copied the InnoDB tablespace but not the InnoDB log files. Please refer to https://mariadb.com/kb/en/library/innodb-recovery-modes/ for information about forcing recovery.
2026-08-11  8:15:12 0 [ERROR] InnoDB: Your database may be corrupt or you may have copied the InnoDB tablespace but not the InnoDB log files. Please refer to https://mariadb.com/kb/en/library/innodb-recovery-modes/ for information about forcing recovery.
2026-08-11  8:15:12 0 [ERROR] InnoDB: Your database may be corrupt or you may have copied the InnoDB tablespace but not the InnoDB log files. Please refer to https://mariadb.com/kb/en/library/innodb-recovery-modes/ for information about forcing recovery.
2026-08-11  8:15:12 0 [ERROR] InnoDB: Page [page id: space=7034, page number=5] log sequence number 871293536 is in the future! Current system log sequence number 870117640.
2026-08-11  8:15:12 0 [ERROR] InnoDB: Page [page id: space=7034, page number=4] log sequence number 871293508 is in the future! Current system log sequence number 870117640.
2026-08-11  8:15:12 0 [ERROR] InnoDB: Page [page id: space=7035, page number=5] log sequence number 871278894 is in the future! Current system log sequence number 870117640.
2026-08-11  8:15:12 0 [ERROR] InnoDB: Page [page id: space=7034, page number=6] log sequence number 871293568 is in the future! Current system log sequence number 870117640.
2026-08-11  8:15:12 0 [ERROR] InnoDB: Your database may be corrupt or you may have copied the InnoDB tablespace but not the InnoDB log files. Please refer to https://mariadb.com/kb/en/library/innodb-recovery-modes/ for information about forcing recovery.
2026-08-11  8:15:12 0 [ERROR] InnoDB: Your database may be corrupt or you may have copied the InnoDB tablespace but not the InnoDB log files. Please refer to https://mariadb.com/kb/en/library/innodb-recovery-modes/ for information about forcing recovery.
2026-08-11  8:15:12 0 [ERROR] InnoDB: Your database may be corrupt or you may have copied the InnoDB tablespace but not the InnoDB log files. Please refer to https://mariadb.com/kb/en/library/innodb-recovery-modes/ for information about forcing recovery.
2026-08-11  8:15:12 0 [ERROR] InnoDB: Page [page id: space=7036, page number=3] log sequence number 870512573 is in the future! Current system log sequence number 870117640.
2026-08-11  8:15:12 0 [ERROR] InnoDB: Page [page id: space=1, page number=3] log sequence number 872677473 is in the future! Current system log sequence number 870117640.
2026-08-11  8:15:12 0 [ERROR] InnoDB: Your database may be corrupt or you may have copied the InnoDB tablespace but not the InnoDB log files. Please refer to https://mariadb.com/kb/en/library/innodb-recovery-modes/ for information about forcing recovery.
2026-08-11  8:15:12 0 [ERROR] InnoDB: Page [page id: space=0, page number=359] log sequence number 871944524 is in the future! Current system log sequence number 870117640.
2026-08-11  8:15:12 0 [ERROR] InnoDB: Your database may be corrupt or you may have copied the InnoDB tablespace but not the InnoDB log files. Please refer to https://mariadb.com/kb/en/library/innodb-recovery-modes/ for information about forcing recovery.
2026-08-11  8:15:12 0 [ERROR] InnoDB: Your database may be corrupt or you may have copied the InnoDB tablespace but not the InnoDB log files. Please refer to https://mariadb.com/kb/en/library/innodb-recovery-modes/ for information about forcing recovery.
2026-08-11  8:15:12 0 [ERROR] InnoDB: Page [page id: space=0, page number=355] log sequence number 872680211 is in the future! Current system log sequence number 870117640.
2026-08-11  8:15:12 0 [ERROR] InnoDB: Your database may be corrupt or you may have copied the InnoDB tablespace but not the InnoDB log files. Please refer to https://mariadb.com/kb/en/library/innodb-recovery-modes/ for information about forcing recovery.
2026-08-11  8:15:12 0 [ERROR] InnoDB: Page [page id: space=0, page number=369] log sequence number 872677939 is in the future! Current system log sequence number 870117640.
2026-08-11  8:15:12 0 [ERROR] InnoDB: Page [page id: space=0, page number=363] log sequence number 872366743 is in the future! Current system log sequence number 870117640.
2026-08-11  8:15:12 0 [ERROR] InnoDB: Your database may be corrupt or you may have copied the InnoDB tablespace but not the InnoDB log files. Please refer to https://mariadb.com/kb/en/library/innodb-recovery-modes/ for information about forcing recovery.
2026-08-11  8:15:12 0 [ERROR] InnoDB: Page [page id: space=0, page number=370] log sequence number 871520655 is in the future! Current system log sequence number 870117640.
2026-08-11  8:15:12 0 [ERROR] InnoDB: Your database may be corrupt or you may have copied the InnoDB tablespace but not the InnoDB log files. Please refer to https://mariadb.com/kb/en/library/innodb-recovery-modes/ for information about forcing recovery.
2026-08-11  8:15:12 0 [ERROR] InnoDB: Your database may be corrupt or you may have copied the InnoDB tablespace but not the InnoDB log files. Please refer to https://mariadb.com/kb/en/library/innodb-recovery-modes/ for information about forcing recovery.
2026-08-11  8:15:12 0 [ERROR] InnoDB: Page [page id: space=0, page number=352] log sequence number 872366704 is in the future! Current system log sequence number 870117640.
2026-08-11  8:15:12 0 [ERROR] InnoDB: Your database may be corrupt or you may have copied the InnoDB tablespace but not the InnoDB log files. Please refer to https://mariadb.com/kb/en/library/innodb-recovery-modes/ for information about forcing recovery.
2026-08-11  8:15:12 0 [ERROR] InnoDB: Page [page id: space=0, page number=371] log sequence number 871125405 is in the future! Current system log sequence number 870117640.
2026-08-11  8:15:12 0 [ERROR] InnoDB: Page [page id: space=0, page number=378] log sequence number 872678953 is in the future! Current system log sequence number 870117640.
2026-08-11  8:15:12 0 [ERROR] InnoDB: Your database may be corrupt or you may have copied the InnoDB tablespace but not the InnoDB log files. Please refer to https://mariadb.com/kb/en/library/innodb-recovery-modes/ for information about forcing recovery.
2026-08-11  8:15:12 0 [ERROR] InnoDB: Page [page id: space=0, page number=361] log sequence number 872680299 is in the future! Current system log sequence number 870117640.
2026-08-11  8:15:12 0 [ERROR] InnoDB: Your database may be corrupt or you may have copied the InnoDB tablespace but not the InnoDB log files. Please refer to https://mariadb.com/kb/en/library/innodb-recovery-modes/ for information about forcing recovery.
2026-08-11  8:15:12 0 [ERROR] InnoDB: Your database may be corrupt or you may have copied the InnoDB tablespace but not the InnoDB log files. Please refer to https://mariadb.com/kb/en/library/innodb-recovery-modes/ for information about forcing recovery.
2026-08-11  8:15:12 0 [ERROR] InnoDB: Page [page id: space=0, page number=372] log sequence number 871945206 is in the future! Current system log sequence number 870117640.
2026-08-11  8:15:12 0 [ERROR] InnoDB: Your database may be corrupt or you may have copied the InnoDB tablespace but not the InnoDB log files. Please refer to https://mariadb.com/kb/en/library/innodb-recovery-modes/ for information about forcing recovery.
2026-08-11  8:15:12 0 [ERROR] InnoDB: Page [page id: space=0, page number=381] log sequence number 872679255 is in the future! Current system log sequence number 870117640.
2026-08-11  8:15:12 0 [ERROR] InnoDB: Page [page id: space=0, page number=379] log sequence number 871518180 is in the future! Current system log sequence number 870117640.
2026-08-11  8:15:12 0 [ERROR] InnoDB: Your database may be corrupt or you may have copied the InnoDB tablespace but not the InnoDB log files. Please refer to https://mariadb.com/kb/en/library/innodb-recovery-modes/ for information about forcing recovery.
2026-08-11  8:15:12 0 [ERROR] InnoDB: Your database may be corrupt or you may have copied the InnoDB tablespace but not the InnoDB log files. Please refer to https://mariadb.com/kb/en/library/innodb-recovery-modes/ for information about forcing recovery.
2026-08-11  8:15:12 0 [ERROR] InnoDB: Your database may be corrupt or you may have copied the InnoDB tablespace but not the InnoDB log files. Please refer to https://mariadb.com/kb/en/library/innodb-recovery-modes/ for information about forcing recovery.
2026-08-11  8:15:12 0 [ERROR] InnoDB: Page [page id: space=0, page number=380] log sequence number 872679060 is in the future! Current system log sequence number 870117640.
2026-08-11  8:15:12 0 [ERROR] InnoDB: Page [page id: space=0, page number=366] log sequence number 872680255 is in the future! Current system log sequence number 870117640.
2026-08-11  8:15:12 0 [ERROR] InnoDB: Page [page id: space=0, page number=373] log sequence number 872678453 is in the future! Current system log sequence number 870117640.
2026-08-11  8:15:12 0 [ERROR] InnoDB: Page [page id: space=0, page number=382] log sequence number 872371911 is in the future! Current system log sequence number 870117640.
2026-08-11  8:15:12 0 [ERROR] InnoDB: Your database may be corrupt or you may have copied the InnoDB tablespace but not the InnoDB log files. Please refer to https://mariadb.com/kb/en/library/innodb-recovery-modes/ for information about forcing recovery.
2026-08-11  8:15:12 0 [ERROR] InnoDB: Your database may be corrupt or you may have copied the InnoDB tablespace but not the InnoDB log files. Please refer to https://mariadb.com/kb/en/library/innodb-recovery-modes/ for information about forcing recovery.
2026-08-11  8:15:12 0 [ERROR] InnoDB: Your database may be corrupt or you may have copied the InnoDB tablespace but not the InnoDB log files. Please refer to https://mariadb.com/kb/en/library/innodb-recovery-modes/ for information about forcing recovery.
2026-08-11  8:15:12 0 [ERROR] InnoDB: Page [page id: space=0, page number=325] log sequence number 872679535 is in the future! Current system log sequence number 870117640.
2026-08-11  8:15:12 0 [ERROR] InnoDB: Page [page id: space=0, page number=321] log sequence number 871945310 is in the future! Current system log sequence number 870117640.
2026-08-11  8:15:12 0 [ERROR] InnoDB: Your database may be corrupt or you may have copied the InnoDB tablespace but not the InnoDB log files. Please refer to https://mariadb.com/kb/en/library/innodb-recovery-modes/ for information about forcing recovery.
2026-08-11  8:15:12 0 [ERROR] InnoDB: Your database may be corrupt or you may have copied the InnoDB tablespace but not the InnoDB log files. Please refer to https://mariadb.com/kb/en/library/innodb-recovery-modes/ for information about forcing recovery.
2026-08-11  8:15:12 0 [ERROR] InnoDB: Your database may be corrupt or you may have copied the InnoDB tablespace but not the InnoDB log files. Please refer to https://mariadb.com/kb/en/library/innodb-recovery-modes/ for information about forcing recovery.
2026-08-11  8:15:12 0 [ERROR] InnoDB: Page [page id: space=0, page number=322] log sequence number 872680406 is in the future! Current system log sequence number 870117640.
2026-08-11  8:15:12 0 [ERROR] InnoDB: Page [page id: space=0, page number=346] log sequence number 872366782 is in the future! Current system log sequence number 870117640.
2026-08-11  8:15:12 0 [ERROR] InnoDB: Page [page id: space=0, page number=340] log sequence number 872679148 is in the future! Current system log sequence number 870117640.
2026-08-11  8:15:12 0 [ERROR] InnoDB: Page [page id: space=0, page number=329] log sequence number 872679711 is in the future! Current system log sequence number 870117640.
2026-08-11  8:15:12 0 [ERROR] InnoDB: Your database may be corrupt or you may have copied the InnoDB tablespace but not the InnoDB log files. Please refer to https://mariadb.com/kb/en/library/innodb-recovery-modes/ for information about forcing recovery.
2026-08-11  8:15:12 0 [ERROR] InnoDB: Your database may be corrupt or you may have copied the InnoDB tablespace but not the InnoDB log files. Please refer to https://mariadb.com/kb/en/library/innodb-recovery-modes/ for information about forcing recovery.
2026-08-11  8:15:12 0 [ERROR] InnoDB: Your database may be corrupt or you may have copied the InnoDB tablespace but not the InnoDB log files. Please refer to https://mariadb.com/kb/en/library/innodb-recovery-modes/ for information about forcing recovery.
2026-08-11  8:15:12 0 [ERROR] InnoDB: Your database may be corrupt or you may have copied the InnoDB tablespace but not the InnoDB log files. Please refer to https://mariadb.com/kb/en/library/innodb-recovery-modes/ for information about forcing recovery.
2026-08-11  8:15:12 0 [ERROR] InnoDB: Page [page id: space=0, page number=330] log sequence number 871944612 is in the future! Current system log sequence number 870117640.
2026-08-11  8:15:12 0 [ERROR] InnoDB: Page [page id: space=0, page number=347] log sequence number 872370700 is in the future! Current system log sequence number 870117640.
2026-08-11  8:15:12 0 [ERROR] InnoDB: Page [page id: space=0, page number=350] log sequence number 871943034 is in the future! Current system log sequence number 870117640.
2026-08-11  8:15:12 0 [ERROR] InnoDB: Page [page id: space=0, page number=335] log sequence number 872372902 is in the future! Current system log sequence number 870117640.
2026-08-11  8:15:12 0 [ERROR] InnoDB: Your database may be corrupt or you may have copied the InnoDB tablespace but not the InnoDB log files. Please refer to https://mariadb.com/kb/en/library/innodb-recovery-modes/ for information about forcing recovery.
2026-08-11  8:15:12 0 [ERROR] InnoDB: Your database may be corrupt or you may have copied the InnoDB tablespace but not the InnoDB log files. Please refer to https://mariadb.com/kb/en/library/innodb-recovery-modes/ for information about forcing recovery.
2026-08-11  8:15:12 0 [ERROR] InnoDB: Your database may be corrupt or you may have copied the InnoDB tablespace but not the InnoDB log files. Please refer to https://mariadb.com/kb/en/library/innodb-recovery-modes/ for information about forcing recovery.
2026-08-11  8:15:12 0 [ERROR] InnoDB: Page [page id: space=0, page number=320] log sequence number 872371760 is in the future! Current system log sequence number 870117640.
2026-08-11  8:15:12 0 [ERROR] InnoDB: Page [page id: space=0, page number=336] log sequence number 872679755 is in the future! Current system log sequence number 870117640.
2026-08-11  8:15:12 0 [ERROR] InnoDB: Your database may be corrupt or you may have copied the InnoDB tablespace but not the InnoDB log files. Please refer to https://mariadb.com/kb/en/library/innodb-recovery-modes/ for information about forcing recovery.
2026-08-11  8:15:12 0 [ERROR] InnoDB: Page [page id: space=0, page number=348] log sequence number 872371348 is in the future! Current system log sequence number 870117640.
2026-08-11  8:15:12 0 [ERROR] InnoDB: Your database may be corrupt or you may have copied the InnoDB tablespace but not the InnoDB log files. Please refer to https://mariadb.com/kb/en/library/innodb-recovery-modes/ for information about forcing recovery.
2026-08-11  8:15:12 0 [ERROR] InnoDB: Your database may be corrupt or you may have copied the InnoDB tablespace but not the InnoDB log files. Please refer to https://mariadb.com/kb/en/library/innodb-recovery-modes/ for information about forcing recovery.
2026-08-11  8:15:12 0 [ERROR] InnoDB: Page [page id: space=0, page number=344] log sequence number 872360556 is in the future! Current system log sequence number 870117640.
2026-08-11  8:15:12 0 [ERROR] InnoDB: Your database may be corrupt or you may have copied the InnoDB tablespace but not the InnoDB log files. Please refer to https://mariadb.com/kb/en/library/innodb-recovery-modes/ for information about forcing recovery.
2026-08-11  8:15:12 0 [ERROR] InnoDB: Page [page id: space=0, page number=328] log sequence number 871943828 is in the future! Current system log sequence number 870117640.
2026-08-11  8:15:12 0 [ERROR] InnoDB: Page [page id: space=0, page number=192] log sequence number 872366904 is in the future! Current system log sequence number 870117640.
2026-08-11  8:15:12 0 [ERROR] InnoDB: Your database may be corrupt or you may have copied the InnoDB tablespace but not the InnoDB log files. Please refer to https://mariadb.com/kb/en/library/innodb-recovery-modes/ for information about forcing recovery.
2026-08-11  8:15:12 0 [ERROR] InnoDB: Page [page id: space=0, page number=193] log sequence number 872370438 is in the future! Current system log sequence number 870117640.
2026-08-11  8:15:12 0 [ERROR] InnoDB: Your database may be corrupt or you may have copied the InnoDB tablespace but not the InnoDB log files. Please refer to https://mariadb.com/kb/en/library/innodb-recovery-modes/ for information about forcing recovery.
2026-08-11  8:15:12 0 [ERROR] InnoDB: Your database may be corrupt or you may have copied the InnoDB tablespace but not the InnoDB log files. Please refer to https://mariadb.com/kb/en/library/innodb-recovery-modes/ for information about forcing recovery.
2026-08-11  8:15:12 0 [ERROR] InnoDB: Page [page id: space=0, page number=198] log sequence number 871943662 is in the future! Current system log sequence number 870117640.
2026-08-11  8:15:12 0 [ERROR] InnoDB: Your database may be corrupt or you may have copied the InnoDB tablespace but not the InnoDB log files. Please refer to https://mariadb.com/kb/en/library/innodb-recovery-modes/ for information about forcing recovery.
2026-08-11  8:15:12 0 [ERROR] InnoDB: Page [page id: space=0, page number=199] log sequence number 871943784 is in the future! Current system log sequence number 870117640.
2026-08-11  8:15:12 0 [ERROR] InnoDB: Page [page id: space=0, page number=196] log sequence number 872370700 is in the future! Current system log sequence number 870117640.
2026-08-11  8:15:12 0 [ERROR] InnoDB: Your database may be corrupt or you may have copied the InnoDB tablespace but not the InnoDB log files. Please refer to https://mariadb.com/kb/en/library/innodb-recovery-modes/ for information about forcing recovery.
2026-08-11  8:15:12 0 [ERROR] InnoDB: Page [page id: space=0, page number=337] log sequence number 872678629 is in the future! Current system log sequence number 870117640.
2026-08-11  8:15:12 0 [ERROR] InnoDB: Your database may be corrupt or you may have copied the InnoDB tablespace but not the InnoDB log files. Please refer to https://mariadb.com/kb/en/library/innodb-recovery-modes/ for information about forcing recovery.
2026-08-11  8:15:12 0 [ERROR] InnoDB: Your database may be corrupt or you may have copied the InnoDB tablespace but not the InnoDB log files. Please refer to https://mariadb.com/kb/en/library/innodb-recovery-modes/ for information about forcing recovery.
2026-08-11  8:15:12 0 [ERROR] InnoDB: Page [page id: space=0, page number=197] log sequence number 871943618 is in the future! Current system log sequence number 870117640.
2026-08-11  8:15:12 0 [ERROR] InnoDB: Your database may be corrupt or you may have copied the InnoDB tablespace but not the InnoDB log files. Please refer to https://mariadb.com/kb/en/library/innodb-recovery-modes/ for information about forcing recovery.
2026-08-11  8:15:12 0 [ERROR] InnoDB: Page [page id: space=0, page number=338] log sequence number 872678805 is in the future! Current system log sequence number 870117640.
2026-08-11  8:15:12 0 [ERROR] InnoDB: Page [page id: space=0, page number=200] log sequence number 872370744 is in the future! Current system log sequence number 870117640.
2026-08-11  8:15:12 0 [ERROR] InnoDB: Your database may be corrupt or you may have copied the InnoDB tablespace but not the InnoDB log files. Please refer to https://mariadb.com/kb/en/library/innodb-recovery-modes/ for information about forcing recovery.
2026-08-11  8:15:12 0 [ERROR] InnoDB: Page [page id: space=0, page number=201] log sequence number 872370788 is in the future! Current system log sequence number 870117640.
2026-08-11  8:15:12 0 [ERROR] InnoDB: Your database may be corrupt or you may have copied the InnoDB tablespace but not the InnoDB log files. Please refer to https://mariadb.com/kb/en/library/innodb-recovery-modes/ for information about forcing recovery.
2026-08-11  8:15:12 0 [ERROR] InnoDB: Your database may be corrupt or you may have copied the InnoDB tablespace but not the InnoDB log files. Please refer to https://mariadb.com/kb/en/library/innodb-recovery-modes/ for information about forcing recovery.
2026-08-11  8:15:12 0 [ERROR] InnoDB: Page [page id: space=0, page number=342] log sequence number 872679447 is in the future! Current system log sequence number 870117640.
2026-08-11  8:15:12 0 [ERROR] InnoDB: Your database may be corrupt or you may have copied the InnoDB tablespace but not the InnoDB log files. Please refer to https://mariadb.com/kb/en/library/innodb-recovery-modes/ for information about forcing recovery.
2026-08-11  8:15:12 0 [ERROR] InnoDB: Your database may be corrupt or you may have copied the InnoDB tablespace but not the InnoDB log files. Please refer to https://mariadb.com/kb/en/library/innodb-recovery-modes/ for information about forcing recovery.
2026-08-11  8:15:12 0 [ERROR] InnoDB: Page [page id: space=0, page number=205] log sequence number 872370876 is in the future! Current system log sequence number 870117640.
2026-08-11  8:15:12 0 [ERROR] InnoDB: Page [page id: space=0, page number=194] log sequence number 872370539 is in the future! Current system log sequence number 870117640.
2026-08-11  8:15:12 0 [ERROR] InnoDB: Page [page id: space=0, page number=204] log sequence number 871943828 is in the future! Current system log sequence number 870117640.
2026-08-11  8:15:12 0 [ERROR] InnoDB: Your database may be corrupt or you may have copied the InnoDB tablespace but not the InnoDB log files. Please refer to https://mariadb.com/kb/en/library/innodb-recovery-modes/ for information about forcing recovery.
2026-08-11  8:15:12 0 [ERROR] InnoDB: Your database may be corrupt or you may have copied the InnoDB tablespace but not the InnoDB log files. Please refer to https://mariadb.com/kb/en/library/innodb-recovery-modes/ for information about forcing recovery.
2026-08-11  8:15:12 0 [ERROR] InnoDB: Page [page id: space=0, page number=195] log sequence number 872370640 is in the future! Current system log sequence number 870117640.
2026-08-11  8:15:12 0 [ERROR] InnoDB: Your database may be corrupt or you may have copied the InnoDB tablespace but not the InnoDB log files. Please refer to https://mariadb.com/kb/en/library/innodb-recovery-modes/ for information about forcing recovery.
2026-08-11  8:15:12 0 [ERROR] InnoDB: Page [page id: space=0, page number=207] log sequence number 872371093 is in the future! Current system log sequence number 870117640.
2026-08-11  8:15:12 0 [ERROR] InnoDB: Page [page id: space=0, page number=206] log sequence number 872370920 is in the future! Current system log sequence number 870117640.
2026-08-11  8:15:12 0 [ERROR] InnoDB: Your database may be corrupt or you may have copied the InnoDB tablespace but not the InnoDB log files. Please refer to https://mariadb.com/kb/en/library/innodb-recovery-modes/ for information about forcing recovery.
2026-08-11  8:15:12 0 [ERROR] InnoDB: Page [page id: space=32, page number=70] log sequence number 871294139 is in the future! Current system log sequence number 870117640.
2026-08-11  8:15:12 0 [ERROR] InnoDB: Your database may be corrupt or you may have copied the InnoDB tablespace but not the InnoDB log files. Please refer to https://mariadb.com/kb/en/library/innodb-recovery-modes/ for information about forcing recovery.
2026-08-11  8:15:12 0 [ERROR] InnoDB: Your database may be corrupt or you may have copied the InnoDB tablespace but not the InnoDB log files. Please refer to https://mariadb.com/kb/en/library/innodb-recovery-modes/ for information about forcing recovery.
2026-08-11  8:15:12 0 [ERROR] InnoDB: Page [page id: space=0, page number=208] log sequence number 872371137 is in the future! Current system log sequence number 870117640.
2026-08-11  8:15:12 0 [ERROR] InnoDB: Your database may be corrupt or you may have copied the InnoDB tablespace but not the InnoDB log files. Please refer to https://mariadb.com/kb/en/library/innodb-recovery-modes/ for information about forcing recovery.
2026-08-11  8:15:12 0 [ERROR] InnoDB: Page [page id: space=0, page number=211] log sequence number 872371348 is in the future! Current system log sequence number 870117640.
2026-08-11  8:15:12 0 [ERROR] InnoDB: Page [page id: space=0, page number=210] log sequence number 872371304 is in the future! Current system log sequence number 870117640.
2026-08-11  8:15:12 0 [ERROR] InnoDB: Your database may be corrupt or you may have copied the InnoDB tablespace but not the InnoDB log files. Please refer to https://mariadb.com/kb/en/library/innodb-recovery-modes/ for information about forcing recovery.
2026-08-11  8:15:12 0 [ERROR] InnoDB: Page [page id: space=0, page number=209] log sequence number 872371181 is in the future! Current system log sequence number 870117640.
2026-08-11  8:15:12 0 [ERROR] InnoDB: Your database may be corrupt or you may have copied the InnoDB tablespace but not the InnoDB log files. Please refer to https://mariadb.com/kb/en/library/innodb-recovery-modes/ for information about forcing recovery.
2026-08-11  8:15:12 0 [ERROR] InnoDB: Your database may be corrupt or you may have copied the InnoDB tablespace but not the InnoDB log files. Please refer to https://mariadb.com/kb/en/library/innodb-recovery-modes/ for information about forcing recovery.
2026-08-11  8:15:12 0 [ERROR] InnoDB: Page [page id: space=0, page number=213] log sequence number 872371436 is in the future! Current system log sequence number 870117640.
2026-08-11  8:15:12 0 [ERROR] InnoDB: Your database may be corrupt or you may have copied the InnoDB tablespace but not the InnoDB log files. Please refer to https://mariadb.com/kb/en/library/innodb-recovery-modes/ for information about forcing recovery.
2026-08-11  8:15:12 0 [ERROR] InnoDB: Page [page id: space=0, page number=212] log sequence number 872371392 is in the future! Current system log sequence number 870117640.
2026-08-11  8:15:12 0 [ERROR] InnoDB: Page [page id: space=0, page number=220] log sequence number 872371568 is in the future! Current system log sequence number 870117640.
2026-08-11  8:15:12 0 [ERROR] InnoDB: Your database may be corrupt or you may have copied the InnoDB tablespace but not the InnoDB log files. Please refer to https://mariadb.com/kb/en/library/innodb-recovery-modes/ for information about forcing recovery.
2026-08-11  8:15:12 0 [ERROR] InnoDB: Page [page id: space=0, page number=219] log sequence number 872371524 is in the future! Current system log sequence number 870117640.
2026-08-11  8:15:12 0 [ERROR] InnoDB: Your database may be corrupt or you may have copied the InnoDB tablespace but not the InnoDB log files. Please refer to https://mariadb.com/kb/en/library/innodb-recovery-modes/ for information about forcing recovery.
2026-08-11  8:15:12 0 [ERROR] InnoDB: Your database may be corrupt or you may have copied the InnoDB tablespace but not the InnoDB log files. Please refer to https://mariadb.com/kb/en/library/innodb-recovery-modes/ for information about forcing recovery.
2026-08-11  8:15:12 0 [ERROR] InnoDB: Page [page id: space=0, page number=218] log sequence number 872371480 is in the future! Current system log sequence number 870117640.
2026-08-11  8:15:12 0 [ERROR] InnoDB: Your database may be corrupt or you may have copied the InnoDB tablespace but not the InnoDB log files. Please refer to https://mariadb.com/kb/en/library/innodb-recovery-modes/ for information about forcing recovery.
2026-08-11  8:15:12 0 [ERROR] InnoDB: Page [page id: space=0, page number=217] log sequence number 871944568 is in the future! Current system log sequence number 870117640.
2026-08-11  8:15:12 0 [ERROR] InnoDB: Page [page id: space=0, page number=216] log sequence number 871944524 is in the future! Current system log sequence number 870117640.
2026-08-11  8:15:12 0 [ERROR] InnoDB: Your database may be corrupt or you may have copied the InnoDB tablespace but not the InnoDB log files. Please refer to https://mariadb.com/kb/en/library/innodb-recovery-modes/ for information about forcing recovery.
2026-08-11  8:15:12 0 [ERROR] InnoDB: Page [page id: space=0, page number=215] log sequence number 871944480 is in the future! Current system log sequence number 870117640.
2026-08-11  8:15:12 0 [ERROR] InnoDB: Your database may be corrupt or you may have copied the InnoDB tablespace but not the InnoDB log files. Please refer to https://mariadb.com/kb/en/library/innodb-recovery-modes/ for information about forcing recovery.
2026-08-11  8:15:12 0 [ERROR] InnoDB: Your database may be corrupt or you may have copied the InnoDB tablespace but not the InnoDB log files. Please refer to https://mariadb.com/kb/en/library/innodb-recovery-modes/ for information about forcing recovery.
2026-08-11  8:15:12 0 [ERROR] InnoDB: Page [page id: space=0, page number=214] log sequence number 871944374 is in the future! Current system log sequence number 870117640.
2026-08-11  8:15:12 0 [ERROR] InnoDB: Your database may be corrupt or you may have copied the InnoDB tablespace but not the InnoDB log files. Please refer to https://mariadb.com/kb/en/library/innodb-recovery-modes/ for information about forcing recovery.
2026-08-11  8:15:12 0 [ERROR] InnoDB: Page [page id: space=0, page number=223] log sequence number 872371612 is in the future! Current system log sequence number 870117640.
2026-08-11  8:15:12 0 [ERROR] InnoDB: Page [page id: space=0, page number=222] log sequence number 871944656 is in the future! Current system log sequence number 870117640.
2026-08-11  8:15:12 0 [ERROR] InnoDB: Your database may be corrupt or you may have copied the InnoDB tablespace but not the InnoDB log files. Please refer to https://mariadb.com/kb/en/library/innodb-recovery-modes/ for information about forcing recovery.
2026-08-11  8:15:12 0 [ERROR] InnoDB: Page [page id: space=0, page number=221] log sequence number 871944612 is in the future! Current system log sequence number 870117640.
2026-08-11  8:15:12 0 [ERROR] InnoDB: Your database may be corrupt or you may have copied the InnoDB tablespace but not the InnoDB log files. Please refer to https://mariadb.com/kb/en/library/innodb-recovery-modes/ for information about forcing recovery.
2026-08-11  8:15:12 0 [ERROR] InnoDB: Your database may be corrupt or you may have copied the InnoDB tablespace but not the InnoDB log files. Please refer to https://mariadb.com/kb/en/library/innodb-recovery-modes/ for information about forcing recovery.
2026-08-11  8:15:12 0 [ERROR] InnoDB: Your database may be corrupt or you may have copied the InnoDB tablespace but not the InnoDB log files. Please refer to https://mariadb.com/kb/en/library/innodb-recovery-modes/ for information about forcing recovery.
2026-08-11  8:15:13 0 [Note] InnoDB: 128 out of 128 rollback segments are active.
2026-08-11  8:15:13 0 [ERROR] InnoDB: Page [page id: space=0, page number=11] log sequence number 872677443 is in the future! Current system log sequence number 870117640.
2026-08-11  8:15:13 0 [ERROR] InnoDB: Your database may be corrupt or you may have copied the InnoDB tablespace but not the InnoDB log files. Please refer to https://mariadb.com/kb/en/library/innodb-recovery-modes/ for information about forcing recovery.
2026-08-11  8:15:13 0 [ERROR] InnoDB: Page [page id: space=0, page number=307] log sequence number 872676888 is in the future! Current system log sequence number 870117640.
2026-08-11  8:15:13 0 [ERROR] InnoDB: Your database may be corrupt or you may have copied the InnoDB tablespace but not the InnoDB log files. Please refer to https://mariadb.com/kb/en/library/innodb-recovery-modes/ for information about forcing recovery.
2026-08-11  8:15:13 0 [Note] InnoDB: Removed temporary tablespace data file: "ibtmp1"
2026-08-11  8:15:13 0 [Note] InnoDB: Creating shared tablespace for temporary tables
2026-08-11  8:15:13 0 [Note] InnoDB: Setting file 'C:\dbase\mysql\data\ibtmp1' size to 12 MB. Physically writing the file full; Please wait ...
2026-08-11  8:15:13 0 [Note] InnoDB: File 'C:\dbase\mysql\data\ibtmp1' size is now 12 MB.
2026-08-11  8:15:13 0 [Note] InnoDB: 10.4.32 started; log sequence number 870117242; transaction id 0
2026-08-11  8:15:13 0 [Note] Plugin 'FEEDBACK' is disabled.
2026-08-11  8:15:13 0 [Note] InnoDB: Loading buffer pool(s) from C:\dbase\mysql\data\ib_buffer_pool
2026-08-11  8:15:13 0 [ERROR] InnoDB: Page [page id: space=0, page number=2] log sequence number 871523475 is in the future! Current system log sequence number 870117640.
2026-08-11  8:15:13 0 [ERROR] InnoDB: Your database may be corrupt or you may have copied the InnoDB tablespace but not the InnoDB log files. Please refer to https://mariadb.com/kb/en/library/innodb-recovery-modes/ for information about forcing recovery.
2026-08-11  8:15:13 0 [ERROR] InnoDB: Page [page id: space=0, page number=4] log sequence number 872526395 is in the future! Current system log sequence number 870117640.
2026-08-11  8:15:13 0 [ERROR] InnoDB: Your database may be corrupt or you may have copied the InnoDB tablespace but not the InnoDB log files. Please refer to https://mariadb.com/kb/en/library/innodb-recovery-modes/ for information about forcing recovery.
2026-08-11  8:15:13 0 [Note] Server socket created on IP: '::'.
2026-08-11  8:15:13 0 [ERROR] InnoDB: Page [page id: space=0, page number=7] log sequence number 872608580 is in the future! Current system log sequence number 870117640.
2026-08-11  8:15:13 0 [ERROR] InnoDB: Your database may be corrupt or you may have copied the InnoDB tablespace but not the InnoDB log files. Please refer to https://mariadb.com/kb/en/library/innodb-recovery-modes/ for information about forcing recovery.
2026-08-11  8:15:13 0 [ERROR] InnoDB: Page [page id: space=0, page number=202] log sequence number 872370832 is in the future! Current system log sequence number 870117640.
2026-08-11  8:15:13 0 [ERROR] InnoDB: Your database may be corrupt or you may have copied the InnoDB tablespace but not the InnoDB log files. Please refer to https://mariadb.com/kb/en/library/innodb-recovery-modes/ for information about forcing recovery.
2026-08-11  8:15:13 0 [ERROR] InnoDB: Page [page id: space=0, page number=339] log sequence number 871945961 is in the future! Current system log sequence number 870117640.
2026-08-11  8:15:13 0 [ERROR] InnoDB: Your database may be corrupt or you may have copied the InnoDB tablespace but not the InnoDB log files. Please refer to https://mariadb.com/kb/en/library/innodb-recovery-modes/ for information about forcing recovery.
2026-08-11  8:15:13 0 [ERROR] InnoDB: Page [page id: space=0, page number=341] log sequence number 872678761 is in the future! Current system log sequence number 870117640.
2026-08-11  8:15:13 0 [ERROR] InnoDB: Your database may be corrupt or you may have copied the InnoDB tablespace but not the InnoDB log files. Please refer to https://mariadb.com/kb/en/library/innodb-recovery-modes/ for information about forcing recovery.
2026-08-11  8:15:13 0 [ERROR] InnoDB: Page [page id: space=0, page number=357] log sequence number 872371656 is in the future! Current system log sequence number 870117640.
2026-08-11  8:15:13 0 [ERROR] InnoDB: Your database may be corrupt or you may have copied the InnoDB tablespace but not the InnoDB log files. Please refer to https://mariadb.com/kb/en/library/innodb-recovery-modes/ for information about forcing recovery.
2026-08-11  8:15:13 0 [ERROR] InnoDB: Page [page id: space=2, page number=6] log sequence number 872646327 is in the future! Current system log sequence number 870117640.
2026-08-11  8:15:13 0 [ERROR] InnoDB: Your database may be corrupt or you may have copied the InnoDB tablespace but not the InnoDB log files. Please refer to https://mariadb.com/kb/en/library/innodb-recovery-modes/ for information about forcing recovery.
2026-08-11  8:15:13 0 [ERROR] InnoDB: Page [page id: space=7036, page number=4] log sequence number 870512121 is in the future! Current system log sequence number 870117640.
2026-08-11  8:15:13 0 [ERROR] InnoDB: Your database may be corrupt or you may have copied the InnoDB tablespace but not the InnoDB log files. Please refer to https://mariadb.com/kb/en/library/innodb-recovery-modes/ for information about forcing recovery.
2026-08-11  8:15:13 0 [ERROR] InnoDB: Page [page id: space=7036, page number=5] log sequence number 870512481 is in the future! Current system log sequence number 870117640.
2026-08-11  8:15:13 0 [ERROR] InnoDB: Your database may be corrupt or you may have copied the InnoDB tablespace but not the InnoDB log files. Please refer to https://mariadb.com/kb/en/library/innodb-recovery-modes/ for information about forcing recovery.
2026-08-11  8:15:13 0 [Note] InnoDB: Buffer pool(s) load completed at 260811  8:15:13
2026-08-11  8:15:13 0 [Note] Reading of all Master_info entries succeeded
2026-08-11  8:15:13 0 [Note] Added new Master_info '' to hash table
2026-08-11  8:15:13 0 [Note] C:\dbase\mysql\bin\mysqld.exe: ready for connections.
Version: '10.4.32-MariaDB'  socket: ''  port: 3306  mariadb.org binary distribution
2026-08-11  8:15:18 4 [ERROR] Invalid (old?) table or database name 'repair-backup-20260806-173008'
2026-08-11  8:15:18 4 [Warning] InnoDB: Allocated tablespace ID 7379 for lcd_records/records, old maximum was 7085
2026-08-11  8:15:18 4 [ERROR] InnoDB: Page [page id: space=7379, page number=0] log sequence number 872609062 is in the future! Current system log sequence number 870117640.
2026-08-11  8:15:18 4 [ERROR] InnoDB: Your database may be corrupt or you may have copied the InnoDB tablespace but not the InnoDB log files. Please refer to https://mariadb.com/kb/en/library/innodb-recovery-modes/ for information about forcing recovery.
2026-08-11  8:15:18 4 [ERROR] InnoDB: Page [page id: space=7379, page number=3] log sequence number 872631478 is in the future! Current system log sequence number 870117640.
2026-08-11  8:15:18 4 [ERROR] InnoDB: Your database may be corrupt or you may have copied the InnoDB tablespace but not the InnoDB log files. Please refer to https://mariadb.com/kb/en/library/innodb-recovery-modes/ for information about forcing recovery.
2026-08-11  8:15:18 4 [ERROR] InnoDB: Page [page id: space=7379, page number=5] log sequence number 872631574 is in the future! Current system log sequence number 870117640.
2026-08-11  8:15:18 4 [ERROR] InnoDB: Your database may be corrupt or you may have copied the InnoDB tablespace but not the InnoDB log files. Please refer to https://mariadb.com/kb/en/library/innodb-recovery-modes/ for information about forcing recovery.
